episode,reward,steps,outcome,env,blocks_placed,timestamp
1,17.0826,36,mission_ended,bridging,1,01:30:43
2,-3.8091,79,mission_ended,bridging,0,01:30:59
3,-3.913,85,mission_ended,bridging,0,01:31:15
4,-3.612,85,mission_ended,bridging,0,01:31:31
5,-6.5354,84,mission_ended,bridging,0,01:31:47
6,-3.5431,85,mission_ended,bridging,0,01:32:03
7,-3.5223,85,mission_ended,bridging,0,01:32:19
8,-4.2999,84,mission_ended,bridging,0,01:32:35
9,-5.2115,85,mission_ended,bridging,0,01:32:50
10,-4.1196,85,mission_ended,bridging,0,01:33:06
11,-5.1901,85,mission_ended,bridging,0,01:33:22
12,-3.6257,85,mission_ended,bridging,0,01:33:38
13,-3.9351,85,mission_ended,bridging,0,01:33:54
14,-4.6342,85,mission_ended,bridging,0,01:34:10
15,-4.5094,85,mission_ended,bridging,0,01:34:26
16,-3.7768,85,mission_ended,bridging,0,01:34:42
17,-3.7378,38,fell,bridging,0,01:34:58
18,-4.0192,82,mission_ended,bridging,0,01:35:01
19,-4.1731,85,mission_ended,bridging,0,01:35:30
20,-6.3004,85,mission_ended,bridging,0,01:35:32
21,-5.5217,45,fell,bridging,0,01:35:51
22,-3.6139,72,mission_ended,bridging,0,01:36:02
23,-3.982,85,mission_ended,bridging,0,01:36:26
24,-4.3316,75,mission_ended,bridging,0,01:36:33
25,-4.056,85,mission_ended,bridging,0,01:36:58
26,-4.2811,82,mission_ended,bridging,0,01:37:08
27,-4.3017,74,mission_ended,bridging,0,01:37:30
28,-3.7578,85,mission_ended,bridging,0,01:37:39
29,-4.3875,85,mission_ended,bridging,0,01:38:01
30,-4.1593,85,mission_ended,bridging,0,01:38:11
31,-4.113,85,mission_ended,bridging,0,01:38:33
32,-6.4594,85,mission_ended,bridging,0,01:38:43
33,-3.7201,85,mission_ended,bridging,0,01:39:05
34,-3.7136,85,mission_ended,bridging,0,01:39:15
35,-4.3408,84,mission_ended,bridging,0,01:39:37
36,-4.7408,85,mission_ended,bridging,0,01:39:50
37,-4.3159,76,mission_ended,bridging,0,01:40:11
38,-3.9383,70,fell,bridging,0,01:40:21
39,-5.8492,81,mission_ended,bridging,0,01:40:46
40,-3.6141,75,mission_ended,bridging,0,01:40:53
41,-4.0789,85,mission_ended,bridging,0,01:41:18
42,-4.2475,85,mission_ended,bridging,0,01:41:24
43,16.8507,85,mission_ended,bridging,1,01:41:50
44,17.5902,85,mission_ended,bridging,1,01:41:56
45,-4.0911,85,mission_ended,bridging,0,01:42:22
46,-4.118,85,mission_ended,bridging,0,01:42:28
47,-3.9779,85,mission_ended,bridging,0,01:42:53
48,-4.3265,85,mission_ended,bridging,0,01:43:00
49,-3.6498,85,mission_ended,bridging,0,01:43:25
50,-3.6762,84,mission_ended,bridging,0,01:43:31
51,15.7379,76,mission_ended,bridging,1,01:43:57
52,-3.7272,76,mission_ended,bridging,0,01:44:03
53,16.2931,85,mission_ended,bridging,1,01:44:29
54,-4.8663,85,mission_ended,bridging,0,01:44:35
55,-3.8188,85,mission_ended,bridging,0,01:45:01
56,-3.3561,85,mission_ended,bridging,0,01:45:07
57,-4.2614,85,mission_ended,bridging,0,01:45:32
58,-4.4473,85,mission_ended,bridging,0,01:45:38
59,-4.3691,85,mission_ended,bridging,0,01:46:04
60,-4.4522,85,mission_ended,bridging,0,01:46:10
61,-3.992,85,mission_ended,bridging,0,01:46:36
62,-3.3315,85,mission_ended,bridging,0,01:46:42
63,-3.7683,85,mission_ended,bridging,0,01:47:08
64,17.504,85,mission_ended,bridging,1,01:47:14
65,-4.4365,84,mission_ended,bridging,0,01:47:39
66,-4.3147,85,mission_ended,bridging,0,01:47:49
67,-4.1507,76,mission_ended,bridging,0,01:48:14
68,-4.4517,76,mission_ended,bridging,0,01:48:23
69,-3.6861,13,fell,bridging,0,01:48:32
70,-3.4094,63,mission_ended,bridging,0,01:48:46
71,-3.914,84,mission_ended,bridging,0,01:49:03
72,-3.9773,85,mission_ended,bridging,0,01:49:18
73,-4.3335,85,mission_ended,bridging,0,01:49:35
74,-4.2486,85,mission_ended,bridging,0,01:49:50
75,-4.0231,85,mission_ended,bridging,0,01:50:07
76,-4.6753,85,mission_ended,bridging,0,01:50:22
77,-3.5652,75,mission_ended,bridging,0,01:50:39
78,-3.8309,76,mission_ended,bridging,0,01:50:53
79,-3.824,45,fell,bridging,0,01:50:59
80,-4.0658,43,fell,bridging,0,01:51:15
81,-4.1692,51,fell,bridging,0,01:51:24
82,-3.7937,22,fell,bridging,0,01:51:35
83,-3.359,67,mission_ended,bridging,0,01:51:47
84,-4.4408,85,mission_ended,bridging,0,01:52:09
85,-4.5739,76,mission_ended,bridging,0,01:52:22
86,-3.4048,76,mission_ended,bridging,0,01:52:41
87,-3.9322,55,fell,bridging,64,01:52:44
88,-3.7875,84,mission_ended,bridging,0,01:53:13
89,-3.8849,85,mission_ended,bridging,0,01:53:16
90,-4.3829,85,mission_ended,bridging,0,01:53:45
91,-4.4441,85,mission_ended,bridging,0,01:53:47
92,-4.4328,83,fell,bridging,0,01:54:20
93,-3.6766,85,mission_ended,bridging,0,01:54:20
94,-3.9643,85,mission_ended,bridging,0,01:54:52
95,-3.755,85,mission_ended,bridging,0,01:54:52
96,-3.8681,16,fell,bridging,0,01:55:01
97,-3.3965,72,mission_ended,bridging,0,01:55:22
98,-3.7208,85,mission_ended,bridging,0,01:55:33
99,-3.741,84,mission_ended,bridging,0,01:55:53
100,-4.7302,84,fell,bridging,0,01:56:05
101,-4.5982,84,mission_ended,bridging,0,01:56:25
102,-4.6937,85,mission_ended,bridging,0,01:56:37
103,-3.8205,85,mission_ended,bridging,0,01:56:57
104,-3.9755,85,mission_ended,bridging,0,01:57:09
105,16.9728,76,mission_ended,bridging,1,01:57:28
106,-4.5007,76,mission_ended,bridging,0,01:57:40
107,-4.796,85,mission_ended,bridging,0,01:58:00
108,-4.5747,85,mission_ended,bridging,0,01:58:12
109,-3.6592,85,mission_ended,bridging,0,01:58:32
110,-3.9974,84,mission_ended,bridging,0,01:58:44
111,-3.9511,85,mission_ended,bridging,0,01:59:04
112,-4.8316,85,mission_ended,bridging,0,01:59:15
113,-3.846,59,fell,bridging,0,01:59:29
114,-4.1735,79,mission_ended,bridging,0,01:59:47
115,-3.7044,85,mission_ended,bridging,0,02:00:01
116,-4.452,85,mission_ended,bridging,0,02:00:19
117,-3.6069,85,mission_ended,bridging,0,02:00:33
118,-3.4477,85,mission_ended,bridging,0,02:00:51
119,-4.0485,85,mission_ended,bridging,0,02:01:04
120,-3.7,85,mission_ended,bridging,0,02:01:22
121,-4.715,85,mission_ended,bridging,0,02:01:36
122,-4.7043,85,mission_ended,bridging,0,02:01:54
123,-4.5282,84,mission_ended,bridging,0,02:02:08
124,-3.4831,85,mission_ended,bridging,0,02:02:26
125,-4.2285,85,mission_ended,bridging,0,02:02:39
126,-3.6017,85,mission_ended,bridging,0,02:02:58
127,17.2435,85,mission_ended,bridging,1,02:03:11
128,-4.7015,85,mission_ended,bridging,0,02:03:30
129,-4.0407,85,mission_ended,bridging,0,02:03:43
130,-4.0402,75,mission_ended,bridging,0,02:04:01
131,-4.5769,75,mission_ended,bridging,0,02:04:15
132,-4.3298,61,fell,bridging,0,02:04:27
133,-4.3784,79,mission_ended,bridging,0,02:04:49
134,-3.9074,75,mission_ended,bridging,0,02:04:59
135,-4.151,85,mission_ended,bridging,0,02:05:21
136,-4.4214,85,mission_ended,bridging,0,02:05:30
137,-3.6764,85,mission_ended,bridging,0,02:05:53
138,-4.2298,85,mission_ended,bridging,0,02:06:02
139,-4.1291,85,mission_ended,bridging,0,02:06:25
140,-3.6979,85,mission_ended,bridging,0,02:06:34
141,-3.5857,85,mission_ended,bridging,0,02:06:56
142,-4.0061,85,mission_ended,bridging,0,02:07:06
143,16.1327,85,mission_ended,bridging,1,02:07:28
144,-4.2092,85,mission_ended,bridging,0,02:07:37
145,-3.8502,85,mission_ended,bridging,0,02:08:00
146,-3.676,6,fell,bridging,0,02:08:06
147,-4.3607,73,mission_ended,bridging,0,02:08:12
148,-4.1851,75,mission_ended,bridging,0,02:08:38
149,-6.3899,80,fell,bridging,0,02:08:44
150,-4.0787,81,mission_ended,bridging,0,02:09:09
151,-4.3482,85,mission_ended,bridging,0,02:09:18
152,-4.5751,76,mission_ended,bridging,0,02:09:44
153,-3.3394,76,mission_ended,bridging,0,02:09:50
154,-4.1223,85,mission_ended,bridging,0,02:10:16
155,-3.7336,85,mission_ended,bridging,0,02:10:22
156,-4.1821,76,mission_ended,bridging,0,02:10:47
157,-3.6005,76,mission_ended,bridging,0,02:10:54
158,16.5037,78,fell,bridging,1,02:11:19
159,-4.8198,79,mission_ended,bridging,0,02:11:25
160,-4.2686,85,mission_ended,bridging,0,02:11:53
161,-4.4489,76,mission_ended,bridging,0,02:12:00
162,-4.2737,76,mission_ended,bridging,0,02:12:25
163,-4.2737,85,mission_ended,bridging,0,02:12:32
164,16.0824,85,mission_ended,bridging,1,02:12:57
165,-3.9282,85,mission_ended,bridging,0,02:13:04
166,-4.0117,85,mission_ended,bridging,0,02:13:29
167,-3.804,85,mission_ended,bridging,0,02:13:35
168,-3.41,85,mission_ended,bridging,0,02:14:01
169,-4.0134,85,mission_ended,bridging,0,02:14:07
170,-3.7599,85,mission_ended,bridging,0,02:14:33
171,-4.2117,84,mission_ended,bridging,0,02:14:39
172,-4.1994,70,fell,bridging,0,02:15:01
173,-3.6832,10,fell,bridging,0,02:15:11
174,-3.5804,67,mission_ended,bridging,0,02:15:11
175,-3.6127,85,mission_ended,bridging,0,02:15:42
176,-4.0839,85,mission_ended,bridging,0,02:15:42
177,-3.5354,85,mission_ended,bridging,0,02:16:14
178,16.8801,85,mission_ended,bridging,1,02:16:14
179,16.3539,85,mission_ended,bridging,1,02:16:49
180,-4.7747,85,mission_ended,bridging,0,02:16:49
181,-4.7248,76,mission_ended,bridging,0,02:17:21
182,16.7751,76,mission_ended,bridging,1,02:17:21
183,-4.1999,85,mission_ended,bridging,0,02:17:52
184,-3.7356,85,mission_ended,bridging,0,02:17:52
185,-4.5476,85,mission_ended,bridging,0,02:18:24
186,-3.8127,85,mission_ended,bridging,0,02:18:24
187,-4.3113,85,mission_ended,bridging,0,02:18:56
188,-4.063,85,mission_ended,bridging,0,02:18:56
189,-4.0629,85,mission_ended,bridging,0,02:19:28
190,-3.5981,85,mission_ended,bridging,0,02:19:28
191,-4.2163,85,mission_ended,bridging,0,02:19:59
192,-3.5661,85,mission_ended,bridging,0,02:19:59
193,-3.9744,85,mission_ended,bridging,0,02:20:31
194,-4.5267,85,mission_ended,bridging,0,02:20:31
195,-3.8573,61,fell,bridging,0,02:20:55
196,-3.8218,79,mission_ended,bridging,0,02:21:03
197,-3.8569,85,mission_ended,bridging,0,02:21:27
198,-3.9176,85,mission_ended,bridging,0,02:21:35
199,-3.8619,84,mission_ended,bridging,0,02:21:58
200,-5.1588,85,mission_ended,bridging,0,02:22:10
201,36.4108,76,mission_ended,bridging,2,02:22:33
202,-4.3773,75,mission_ended,bridging,0,02:22:41
203,-3.5127,85,mission_ended,bridging,0,02:23:05
204,-4.4354,85,mission_ended,bridging,0,02:23:13
205,-3.6775,85,mission_ended,bridging,0,02:23:37
206,-4.1387,85,mission_ended,bridging,0,02:23:45
207,-4.1671,75,mission_ended,bridging,0,02:24:09
208,-3.5949,75,mission_ended,bridging,0,02:24:16
209,17.8999,85,mission_ended,bridging,1,02:24:41
210,17.942,84,mission_ended,bridging,1,02:24:48
211,-4.1628,85,mission_ended,bridging,0,02:25:12
212,-3.72,85,mission_ended,bridging,0,02:25:20
213,-4.2405,85,mission_ended,bridging,0,02:25:44
214,-3.9618,85,mission_ended,bridging,0,02:25:52
215,16.4364,85,mission_ended,bridging,1,02:26:16
216,-4.0687,85,mission_ended,bridging,0,02:26:23
217,-4.5888,85,mission_ended,bridging,0,02:26:48
218,-4.5157,85,mission_ended,bridging,0,02:26:55
219,18.0336,85,mission_ended,bridging,1,02:27:19
220,-4.4025,85,mission_ended,bridging,0,02:27:27
221,-4.6171,85,mission_ended,bridging,0,02:27:51
222,-4.2052,85,mission_ended,bridging,0,02:27:59
223,-3.8538,85,mission_ended,bridging,0,02:28:23
224,-3.9681,85,mission_ended,bridging,0,02:28:31
225,-3.9241,84,mission_ended,bridging,0,02:28:55
226,-4.5207,85,mission_ended,bridging,0,02:29:06
227,-4.7505,76,mission_ended,bridging,0,02:29:30
228,-3.8331,76,mission_ended,bridging,0,02:29:37
229,16.199,85,mission_ended,bridging,1,02:30:01
230,-3.713,85,mission_ended,bridging,0,02:30:09
231,-3.1863,77,mission_ended,bridging,0,02:30:33
232,-4.5016,76,mission_ended,bridging,0,02:30:41
233,-3.7966,85,mission_ended,bridging,0,02:31:05
234,-4.1794,85,mission_ended,bridging,0,02:31:13
235,-4.9256,85,mission_ended,bridging,0,02:31:40
236,-3.5724,75,mission_ended,bridging,0,02:31:44
237,17.5755,85,mission_ended,bridging,1,02:32:12
238,-3.9392,85,mission_ended,bridging,0,02:32:16
239,-3.8251,38,fell,bridging,0,02:32:30
240,-4.3894,79,mission_ended,bridging,0,02:32:48
241,-4.1925,85,mission_ended,bridging,0,02:33:02
242,-3.9286,85,mission_ended,bridging,0,02:33:19
243,-4.105,85,mission_ended,bridging,0,02:33:33
244,-4.2216,85,mission_ended,bridging,0,02:33:51
245,-3.4906,85,mission_ended,bridging,0,02:34:05
246,-3.7618,84,mission_ended,bridging,0,02:34:23
247,-4.4863,84,mission_ended,bridging,0,02:34:37
248,-4.4731,84,mission_ended,bridging,0,02:34:54
249,-3.3829,85,mission_ended,bridging,0,02:35:09
250,-4.3679,85,mission_ended,bridging,0,02:35:26
251,-3.563,85,mission_ended,bridging,0,02:35:41
252,-4.0635,85,mission_ended,bridging,0,02:35:58
253,-4.4088,85,mission_ended,bridging,0,02:36:13
254,-4.1107,78,fell,bridging,0,02:36:29
255,-3.6605,79,mission_ended,bridging,0,02:36:44
256,-4.2802,78,mission_ended,bridging,0,02:37:02
257,-4.0311,76,mission_ended,bridging,0,02:37:19
258,-4.2252,75,mission_ended,bridging,0,02:37:34
259,-4.9792,85,mission_ended,bridging,0,02:37:54
260,-4.1105,76,mission_ended,bridging,0,02:38:08
261,-3.4273,76,mission_ended,bridging,0,02:38:26
262,38.367,85,mission_ended,bridging,2,02:38:40
263,-3.9772,85,mission_ended,bridging,0,02:38:58
264,-3.6031,85,mission_ended,bridging,0,02:39:12
265,-5.9889,85,mission_ended,bridging,0,02:39:29
266,-3.9306,85,mission_ended,bridging,0,02:39:44
267,38.2075,85,mission_ended,bridging,2,02:40:01
268,-3.7499,85,mission_ended,bridging,0,02:40:15
269,-3.8861,85,mission_ended,bridging,0,02:40:33
270,-3.8774,85,mission_ended,bridging,0,02:40:47
271,-4.4282,85,mission_ended,bridging,0,02:41:05
272,-3.864,85,mission_ended,bridging,0,02:41:19
273,-3.6973,85,mission_ended,bridging,0,02:41:36
274,-3.4429,85,mission_ended,bridging,0,02:41:51
275,-4.05,85,mission_ended,bridging,0,02:42:08
276,-3.8501,84,mission_ended,bridging,0,02:42:23
277,-4.1144,84,mission_ended,bridging,0,02:42:40
278,-4.5476,85,mission_ended,bridging,0,02:42:57
279,-3.8243,75,mission_ended,bridging,0,02:43:11
280,-4.5328,85,mission_ended,bridging,0,02:43:29
281,17.1052,77,mission_ended,bridging,1,02:43:43
282,-3.65,77,mission_ended,bridging,0,02:44:01
283,-4.8002,85,mission_ended,bridging,0,02:44:15
284,-3.4378,84,mission_ended,bridging,0,02:44:32
285,-4.7449,85,mission_ended,bridging,0,02:44:50
286,-3.9806,75,mission_ended,bridging,1,02:45:04
287,16.5114,85,mission_ended,bridging,1,02:45:22
288,-3.632,85,mission_ended,bridging,0,02:45:36
289,-4.4877,85,mission_ended,bridging,0,02:45:53
290,-4.2547,85,mission_ended,bridging,0,02:46:08
291,-4.8372,85,mission_ended,bridging,0,02:46:28
292,-3.7027,75,mission_ended,bridging,0,02:46:39
293,-3.9036,85,mission_ended,bridging,0,02:47:00
294,-3.5506,85,mission_ended,bridging,0,02:47:11
295,-3.2177,85,mission_ended,bridging,0,02:47:32
296,-3.5454,85,mission_ended,bridging,0,02:47:43
297,-4.3421,84,mission_ended,bridging,0,02:48:03
298,-4.3885,85,mission_ended,bridging,0,02:48:18
299,-3.3359,34,mission_ended,bridging,0,02:48:40
300,-5.0,9,mission_ended,bridging,0,02:48:52
301,-3.4525,48,mission_ended,bridging,0,02:49:08
302,-3.7174,85,mission_ended,bridging,0,02:49:23
303,17.2007,85,mission_ended,bridging,1,02:49:40
304,-4.3563,85,mission_ended,bridging,0,02:49:55
305,-3.8775,85,mission_ended,bridging,0,02:50:12
306,-4.2315,85,mission_ended,bridging,0,02:50:27
307,16.2423,85,mission_ended,bridging,1,02:50:44
308,-4.1381,77,mission_ended,bridging,0,02:51:02
309,-4.1995,67,mission_ended,bridging,0,02:51:15
310,16.8236,85,mission_ended,bridging,1,02:51:34
311,-4.6457,85,mission_ended,bridging,0,02:51:47
312,-3.5091,85,mission_ended,bridging,0,02:52:05
313,-3.6978,85,mission_ended,bridging,0,02:52:19
314,-4.0871,85,mission_ended,bridging,0,02:52:37
315,-4.0428,85,mission_ended,bridging,0,02:52:51
316,37.6052,85,mission_ended,bridging,2,02:53:09
317,-3.6109,85,mission_ended,bridging,0,02:53:22
318,-3.9304,84,mission_ended,bridging,0,02:53:41
319,-4.1761,84,mission_ended,bridging,0,02:53:54
320,-4.4448,85,mission_ended,bridging,0,02:54:12
321,-4.4625,85,mission_ended,bridging,0,02:54:26
322,-3.8368,85,mission_ended,bridging,0,02:54:44
323,-4.4023,85,mission_ended,bridging,0,02:54:58
324,17.3377,85,mission_ended,bridging,1,02:55:16
325,-3.9211,85,mission_ended,bridging,0,02:55:29
326,-4.5383,84,mission_ended,bridging,0,02:55:47
327,-4.3542,50,fell,bridging,64,02:55:50
328,-4.4853,84,mission_ended,bridging,0,02:56:23
329,-3.5431,84,mission_ended,bridging,0,02:56:25
330,-5.7941,85,mission_ended,bridging,0,02:56:54
331,-3.8274,85,mission_ended,bridging,0,02:56:57
332,17.5087,76,mission_ended,bridging,1,02:57:26
333,-4.4137,77,mission_ended,bridging,0,02:57:32
334,-4.6455,75,mission_ended,bridging,0,02:57:58
335,-3.5187,85,mission_ended,bridging,0,02:58:04
336,-4.3682,85,mission_ended,bridging,0,02:58:29
337,-3.9474,85,mission_ended,bridging,0,02:58:35
338,-3.1882,85,mission_ended,bridging,0,02:59:01
339,-3.9368,85,mission_ended,bridging,0,02:59:07
340,-4.062,85,mission_ended,bridging,0,02:59:33
341,-4.582,85,mission_ended,bridging,0,02:59:39
342,-3.5112,85,mission_ended,bridging,0,03:00:05
343,-4.0928,84,mission_ended,bridging,0,03:00:11
344,-4.9074,85,mission_ended,bridging,0,03:00:37
345,16.5315,85,mission_ended,bridging,1,03:00:42
346,-3.8585,85,mission_ended,bridging,0,03:01:09
347,-3.9024,85,mission_ended,bridging,0,03:01:14
348,-3.7804,47,fell,bridging,0,03:01:30
349,-3.7939,78,mission_ended,bridging,0,03:01:46
350,-3.7583,85,mission_ended,bridging,0,03:02:02
351,-4.4558,85,mission_ended,bridging,0,03:02:18
352,-3.7932,85,mission_ended,bridging,0,03:02:34
353,15.9978,85,mission_ended,bridging,1,03:02:49
354,-3.7601,85,mission_ended,bridging,0,03:03:05
355,15.6273,85,mission_ended,bridging,1,03:03:21
356,-3.8571,85,mission_ended,bridging,0,03:03:37
357,-4.1618,82,mission_ended,bridging,0,03:03:55
358,-4.6675,76,mission_ended,bridging,0,03:04:12
359,-3.5112,75,mission_ended,bridging,0,03:04:27
360,-4.26,85,mission_ended,bridging,0,03:04:47
361,-3.641,76,mission_ended,bridging,0,03:04:59
362,-4.1469,85,mission_ended,bridging,0,03:05:19
363,-5.0999,84,mission_ended,bridging,0,03:05:30
364,-4.6051,85,mission_ended,bridging,0,03:05:51
365,-4.1251,85,mission_ended,bridging,0,03:06:02
366,-3.3293,85,mission_ended,bridging,0,03:06:23
367,-3.8816,85,mission_ended,bridging,0,03:06:34
368,-3.8836,85,mission_ended,bridging,0,03:06:54
369,-4.1562,85,mission_ended,bridging,0,03:07:09
370,-3.8285,51,fell,bridging,0,03:07:20
371,-4.7939,79,mission_ended,bridging,0,03:07:43
372,-3.652,19,fell,bridging,0,03:07:56
373,-5.552,75,mission_ended,bridging,0,03:07:56
374,16.2114,84,mission_ended,bridging,1,03:08:25
375,-4.0891,85,mission_ended,bridging,0,03:08:31
376,36.7346,67,fell,bridging,2,03:08:56
377,-3.3752,79,mission_ended,bridging,0,03:09:02
378,-3.8631,85,mission_ended,bridging,0,03:09:28
379,-3.5212,85,mission_ended,bridging,0,03:09:34
380,-3.6059,85,mission_ended,bridging,0,03:10:00
381,-4.5484,85,mission_ended,bridging,0,03:10:06
382,-3.5721,85,mission_ended,bridging,0,03:10:31
383,16.7654,85,mission_ended,bridging,1,03:10:38
384,-3.7872,76,mission_ended,bridging,0,03:11:03
385,-3.7174,76,mission_ended,bridging,0,03:11:09
386,-3.5853,85,mission_ended,bridging,0,03:11:35
387,16.4032,85,mission_ended,bridging,1,03:11:41
388,-3.8129,85,mission_ended,bridging,0,03:12:06
389,-4.0828,85,mission_ended,bridging,0,03:12:13
390,-4.111,85,mission_ended,bridging,0,03:12:38
391,-3.9227,85,mission_ended,bridging,0,03:12:45
392,15.8594,85,mission_ended,bridging,1,03:13:10
393,-5.2326,85,mission_ended,bridging,0,03:13:16
394,-3.4004,85,mission_ended,bridging,0,03:13:42
395,-3.756,85,mission_ended,bridging,0,03:13:48
396,-3.994,85,mission_ended,bridging,0,03:14:14
397,-3.9724,85,mission_ended,bridging,0,03:14:20
398,-4.1268,85,mission_ended,bridging,0,03:14:45
399,-3.4528,85,mission_ended,bridging,0,03:14:52
400,-3.2726,85,mission_ended,bridging,0,03:15:17
401,16.4353,84,mission_ended,bridging,1,03:15:23
402,-3.7368,21,fell,bridging,0,03:15:30
403,-3.6721,79,mission_ended,bridging,0,03:15:55
404,-4.6444,85,mission_ended,bridging,0,03:16:05
405,-4.1302,76,mission_ended,bridging,0,03:16:27
406,-4.268,85,mission_ended,bridging,0,03:16:37
407,-4.1034,51,fell,bridging,0,03:16:50
408,-3.7387,78,mission_ended,bridging,0,03:17:08
409,-3.6216,80,mission_ended,bridging,0,03:17:23
410,16.2203,75,mission_ended,bridging,1,03:17:40
411,16.1671,85,mission_ended,bridging,1,03:17:55
412,-4.698,85,mission_ended,bridging,0,03:18:12
413,-4.4729,85,mission_ended,bridging,0,03:18:27
414,-4.2694,85,mission_ended,bridging,0,03:18:44
415,-4.0445,85,mission_ended,bridging,0,03:18:58
416,-3.658,85,mission_ended,bridging,0,03:19:15
417,-4.2285,85,mission_ended,bridging,0,03:19:30
418,-4.0698,85,mission_ended,bridging,0,03:19:47
419,-3.9005,85,mission_ended,bridging,0,03:20:02
420,-4.3427,85,mission_ended,bridging,0,03:20:19
421,17.2244,85,mission_ended,bridging,1,03:20:34
422,17.7709,85,mission_ended,bridging,1,03:20:51
423,-4.164,85,mission_ended,bridging,0,03:21:05
424,-5.9947,85,mission_ended,bridging,0,03:21:22
425,-3.8146,85,mission_ended,bridging,0,03:21:37
426,-3.7662,21,fell,bridging,0,03:21:48
427,-5.9016,73,mission_ended,bridging,0,03:21:57
428,-3.7952,75,mission_ended,bridging,0,03:22:20
429,-3.7659,85,mission_ended,bridging,0,03:22:29
430,-3.693,85,mission_ended,bridging,0,03:22:51
431,-4.5998,85,mission_ended,bridging,0,03:23:01
432,-4.1609,85,mission_ended,bridging,0,03:23:26
433,-3.6964,75,mission_ended,bridging,0,03:23:33
434,16.7846,78,mission_ended,bridging,1,03:23:59
435,-3.5289,75,mission_ended,bridging,0,03:24:04
436,-4.3021,85,mission_ended,bridging,0,03:24:31
437,-4.7808,85,mission_ended,bridging,0,03:24:36
438,-4.37,85,mission_ended,bridging,0,03:25:03
439,-3.8082,84,mission_ended,bridging,0,03:25:08
440,-4.7943,85,mission_ended,bridging,0,03:25:37
441,-3.6559,77,mission_ended,bridging,0,03:25:40
442,-3.697,85,mission_ended,bridging,0,03:26:09
443,-4.7676,85,mission_ended,bridging,0,03:26:12
444,-4.097,85,mission_ended,bridging,0,03:26:41
445,-4.0148,85,mission_ended,bridging,0,03:26:43
446,-4.3723,85,mission_ended,bridging,0,03:27:13
447,-4.2487,85,mission_ended,bridging,0,03:27:15
448,-4.3197,85,mission_ended,bridging,0,03:27:45
449,-3.5849,85,mission_ended,bridging,0,03:27:47
450,-4.2776,85,mission_ended,bridging,0,03:28:16
451,-3.9518,85,mission_ended,bridging,0,03:28:19
452,-3.4535,85,mission_ended,bridging,0,03:28:48
453,-3.6127,85,mission_ended,bridging,0,03:28:51
454,-4.6699,83,fell,bridging,0,03:29:20
455,38.0651,84,mission_ended,bridging,2,03:29:22
456,-4.6786,85,mission_ended,bridging,0,03:29:55
457,17.0515,84,mission_ended,bridging,1,03:29:57
458,16.1113,85,mission_ended,bridging,1,03:30:26
459,-4.3644,85,mission_ended,bridging,0,03:30:29
460,-3.9255,74,mission_ended,bridging,0,03:30:58
461,16.9043,74,mission_ended,bridging,1,03:31:00
462,-3.7585,85,mission_ended,bridging,0,03:31:30
463,-3.8632,85,mission_ended,bridging,0,03:31:32
464,-4.1722,85,mission_ended,bridging,0,03:32:02
465,-4.5186,85,mission_ended,bridging,0,03:32:04
466,-3.6419,85,mission_ended,bridging,0,03:32:33
467,-4.1446,85,mission_ended,bridging,0,03:32:36
468,-3.8897,85,mission_ended,bridging,0,03:33:05
469,-3.5503,85,mission_ended,bridging,0,03:33:07
470,-4.0921,70,fell,bridging,0,03:33:34
471,-3.9988,79,mission_ended,bridging,0,03:33:39
472,-4.8508,85,mission_ended,bridging,0,03:34:09
473,-4.2099,76,mission_ended,bridging,0,03:34:11
474,-4.7105,85,mission_ended,bridging,0,03:34:40
475,-4.1378,85,mission_ended,bridging,0,03:34:43
476,-4.2181,81,fell,bridging,0,03:35:15
477,-4.2899,82,mission_ended,bridging,0,03:35:15
478,-4.9475,85,mission_ended,bridging,0,03:35:47
479,-4.3465,85,mission_ended,bridging,0,03:35:47
480,-3.7155,85,mission_ended,bridging,0,03:36:19
481,-4.0426,85,mission_ended,bridging,0,03:36:19
482,16.2844,8,fell,bridging,1,03:36:25
483,17.6303,73,mission_ended,bridging,1,03:36:48
484,-4.0004,85,mission_ended,bridging,0,03:36:57
485,-3.6477,76,mission_ended,bridging,0,03:37:20
486,-4.4212,76,mission_ended,bridging,0,03:37:32
487,-3.1967,27,mission_ended,bridging,0,03:37:57
488,-5.0,9,mission_ended,bridging,0,03:38:06
489,-3.1194,57,mission_ended,bridging,0,03:38:26
490,17.0113,85,mission_ended,bridging,1,03:38:38
491,15.9819,85,mission_ended,bridging,1,03:38:57
492,-3.7218,85,mission_ended,bridging,0,03:39:09
493,-4.5635,85,mission_ended,bridging,0,03:39:29
494,-3.5218,85,mission_ended,bridging,0,03:39:41
495,-4.3539,85,mission_ended,bridging,0,03:40:01
496,-3.7838,85,mission_ended,bridging,0,03:40:13
497,-4.0352,85,mission_ended,bridging,0,03:40:33
498,15.3539,85,mission_ended,bridging,1,03:40:45
499,37.3839,85,mission_ended,bridging,2,03:41:05
500,-3.8015,85,mission_ended,bridging,0,03:41:16
501,-3.745,85,mission_ended,bridging,0,03:41:36
502,-4.443,85,mission_ended,bridging,0,03:41:51
503,-4.2186,76,mission_ended,bridging,0,03:42:08
504,-4.0669,85,mission_ended,bridging,0,03:42:23
505,-3.5057,84,mission_ended,bridging,0,03:42:40
506,-3.4968,85,mission_ended,bridging,0,03:42:55
507,77.8488,85,mission_ended,bridging,4,03:43:12
508,-3.3944,85,mission_ended,bridging,0,03:43:27
509,-4.0863,85,mission_ended,bridging,0,03:43:43
510,-4.3103,85,mission_ended,bridging,0,03:43:59
511,-4.2823,75,mission_ended,bridging,0,03:44:15
512,-3.8453,75,mission_ended,bridging,0,03:44:30
513,-3.7345,85,mission_ended,bridging,0,03:44:47
514,-4.3757,85,mission_ended,bridging,0,03:45:02
515,-3.6417,85,mission_ended,bridging,0,03:45:19
516,-3.6258,85,mission_ended,bridging,0,03:45:34
517,-4.6078,85,mission_ended,bridging,0,03:45:50
518,-4.2286,85,mission_ended,bridging,0,03:46:05
519,-5.6714,85,mission_ended,bridging,0,03:46:22
520,-4.3133,85,mission_ended,bridging,0,03:46:37
521,-3.5533,85,mission_ended,bridging,0,03:46:54
522,15.4683,85,mission_ended,bridging,1,03:47:09
523,-3.9701,85,mission_ended,bridging,0,03:47:26
524,-4.4893,84,mission_ended,bridging,0,03:47:41
525,-4.1194,85,mission_ended,bridging,0,03:47:58
526,-3.6752,85,mission_ended,bridging,0,03:48:12
527,-3.6263,84,mission_ended,bridging,0,03:48:29
528,-4.5469,85,mission_ended,bridging,0,03:48:47
529,-5.5278,76,mission_ended,bridging,0,03:49:01
530,-4.2438,85,mission_ended,bridging,0,03:49:19
531,-3.5321,85,mission_ended,bridging,0,03:49:33
532,-3.5803,85,mission_ended,bridging,0,03:49:51
533,-4.2583,85,mission_ended,bridging,0,03:50:04
534,-3.4328,85,mission_ended,bridging,0,03:50:22
535,58.0402,85,mission_ended,bridging,3,03:50:36
536,-3.8206,76,mission_ended,bridging,0,03:50:54
537,-3.7344,23,fell,bridging,0,03:51:06
538,-3.3943,64,mission_ended,bridging,0,03:51:08
539,-4.1621,72,fell,bridging,0,03:51:35
540,-5.7225,79,mission_ended,bridging,0,03:51:40
541,-4.0127,48,fell,bridging,0,03:52:00
542,-3.9224,72,mission_ended,bridging,0,03:52:07
543,-4.2413,85,mission_ended,bridging,0,03:52:31
544,-4.1907,85,mission_ended,bridging,0,03:52:39
545,-4.5554,84,mission_ended,bridging,0,03:53:03
546,-4.3654,85,mission_ended,bridging,0,03:53:14
547,-3.8115,75,mission_ended,bridging,0,03:53:35
548,16.244,85,mission_ended,bridging,1,03:53:49
549,36.5582,76,mission_ended,bridging,2,03:54:10
550,-4.5262,76,mission_ended,bridging,0,03:54:20
551,16.3454,85,mission_ended,bridging,1,03:54:41
552,16.338,85,mission_ended,bridging,1,03:54:52
553,-4.4038,85,mission_ended,bridging,0,03:55:13
554,-4.731,85,mission_ended,bridging,0,03:55:24
555,-3.6414,6,fell,bridging,0,03:55:30
556,-4.2417,72,mission_ended,bridging,0,03:55:48
557,-4.2183,75,mission_ended,bridging,0,03:56:02
558,-3.8333,84,mission_ended,bridging,0,03:56:20
559,-4.0228,85,mission_ended,bridging,0,03:56:37
560,-4.3815,76,mission_ended,bridging,0,03:56:51
561,-3.6958,85,mission_ended,bridging,0,03:57:09
562,-4.5446,85,mission_ended,bridging,0,03:57:23
563,-3.4368,79,mission_ended,bridging,0,03:57:41
564,-3.6558,76,mission_ended,bridging,0,03:57:55
565,-4.7285,85,mission_ended,bridging,0,03:58:13
566,-4.7602,85,mission_ended,bridging,0,03:58:27
567,-4.4272,85,mission_ended,bridging,0,03:58:45
568,-5.2756,85,mission_ended,bridging,0,03:58:59
569,-4.0955,85,mission_ended,bridging,0,03:59:17
570,-3.4451,85,mission_ended,bridging,0,03:59:30
571,-3.6572,26,fell,bridging,0,03:59:43
572,-3.7905,72,mission_ended,bridging,0,03:59:48
573,-3.6996,85,mission_ended,bridging,0,04:00:15
574,-4.0888,85,mission_ended,bridging,0,04:00:20
575,-4.2704,85,mission_ended,bridging,0,04:00:49
576,-3.9643,75,fell,bridging,64,04:00:49
577,-4.0461,70,fell,bridging,0,04:01:16
578,-4.581,79,mission_ended,bridging,0,04:01:24
579,16.9337,75,mission_ended,bridging,1,04:01:47
580,-4.09,85,mission_ended,bridging,0,04:01:55
581,-4.1806,85,mission_ended,bridging,0,04:02:19
582,-3.6318,85,mission_ended,bridging,0,04:02:27
583,16.3513,85,mission_ended,bridging,1,04:02:51
584,-3.9293,85,mission_ended,bridging,0,04:02:59
585,-4.0209,85,mission_ended,bridging,0,04:03:22
586,-4.1713,85,mission_ended,bridging,0,04:03:31
587,-4.8773,85,mission_ended,bridging,0,04:03:54
588,-3.8063,85,mission_ended,bridging,0,04:04:02
589,18.2222,76,mission_ended,bridging,1,04:04:26
590,-4.1286,76,mission_ended,bridging,0,04:04:34
591,-4.1906,56,fell,bridging,0,04:04:57
592,-4.3788,76,mission_ended,bridging,0,04:04:59
593,15.8119,85,mission_ended,bridging,1,04:05:31
594,-3.3629,85,mission_ended,bridging,0,04:05:34
595,-3.495,85,mission_ended,bridging,0,04:06:03
596,-4.6306,85,mission_ended,bridging,0,04:06:05
597,-3.4337,85,mission_ended,bridging,0,04:06:35
598,-3.9138,85,mission_ended,bridging,0,04:06:37
599,-3.907,21,fell,bridging,0,04:06:48
600,-3.1727,78,mission_ended,bridging,0,04:07:09
601,-3.6899,85,mission_ended,bridging,0,04:07:20
602,-4.7081,84,mission_ended,bridging,0,04:07:40
603,16.434,85,mission_ended,bridging,1,04:07:52
604,16.5925,84,mission_ended,bridging,1,04:08:12
605,-4.7142,85,mission_ended,bridging,0,04:08:26
606,-4.2113,76,mission_ended,bridging,0,04:08:47
607,-4.3431,76,mission_ended,bridging,0,04:09:01
608,-3.5592,76,mission_ended,bridging,0,04:09:19
609,16.0226,85,mission_ended,bridging,1,04:09:33
610,-4.3258,85,mission_ended,bridging,0,04:09:54
611,-3.4537,75,mission_ended,bridging,0,04:10:05
612,-3.8535,85,mission_ended,bridging,0,04:10:25
613,-4.0338,85,mission_ended,bridging,0,04:10:36
614,-3.8087,85,mission_ended,bridging,0,04:10:57
615,-3.4831,76,mission_ended,bridging,0,04:11:08
616,-4.16,76,mission_ended,bridging,0,04:11:29
617,-4.0987,85,mission_ended,bridging,0,04:11:40
618,-3.1998,84,mission_ended,bridging,0,04:12:00
619,-3.6671,18,fell,bridging,0,04:12:12
620,-3.9355,74,mission_ended,bridging,0,04:12:12
621,-4.1773,85,mission_ended,bridging,0,04:12:44
622,-4.7427,85,mission_ended,bridging,0,04:12:44
623,-4.0563,85,mission_ended,bridging,0,04:13:16
624,-4.1918,85,mission_ended,bridging,0,04:13:16
625,-3.5929,85,mission_ended,bridging,0,04:13:48
626,-3.8431,85,mission_ended,bridging,0,04:13:48
627,-3.71,9,fell,bridging,0,04:13:55
628,-4.3199,79,mission_ended,bridging,0,04:14:22
629,-4.2221,75,mission_ended,bridging,0,04:14:26
630,-4.3979,85,mission_ended,bridging,0,04:14:54
631,-3.9688,85,mission_ended,bridging,0,04:14:58
632,-4.2784,85,mission_ended,bridging,0,04:15:26
633,-4.0535,85,mission_ended,bridging,0,04:15:30
634,-3.6474,85,mission_ended,bridging,0,04:15:58
635,-3.6492,85,mission_ended,bridging,0,04:16:01
636,-3.7573,85,mission_ended,bridging,0,04:16:30
637,-4.2061,85,mission_ended,bridging,0,04:16:33
638,-4.0144,85,mission_ended,bridging,0,04:17:02
639,-3.5656,84,mission_ended,bridging,0,04:17:05
640,-4.496,85,mission_ended,bridging,0,04:17:36
641,-3.5732,82,mission_ended,bridging,0,04:17:39
642,-3.5831,76,mission_ended,bridging,0,04:18:08
643,-3.6556,76,mission_ended,bridging,0,04:18:11
644,-4.755,85,mission_ended,bridging,0,04:18:40
645,-4.879,85,mission_ended,bridging,0,04:18:42
646,-4.4783,85,mission_ended,bridging,0,04:19:12
647,-3.6471,85,mission_ended,bridging,0,04:19:14
648,-3.6907,85,mission_ended,bridging,0,04:19:44
649,-3.6717,85,mission_ended,bridging,0,04:19:46
650,-4.2045,85,mission_ended,bridging,0,04:20:15
651,-3.3919,85,mission_ended,bridging,0,04:20:18
652,-4.4373,85,mission_ended,bridging,0,04:20:47
653,16.9313,85,mission_ended,bridging,1,04:20:49
654,-4.3145,79,fell,bridging,0,04:21:19
655,-3.9772,80,mission_ended,bridging,0,04:21:21
656,-4.1031,85,mission_ended,bridging,0,04:21:54
657,-4.4134,84,mission_ended,bridging,0,04:21:56
658,-4.5295,85,mission_ended,bridging,0,04:22:30
659,-3.511,85,mission_ended,bridging,0,04:22:32
660,-4.8215,86,mission_ended,bridging,0,04:23:02
661,-3.9461,86,mission_ended,bridging,0,04:23:04
662,-4.5144,85,mission_ended,bridging,0,04:23:34
663,-3.9894,85,mission_ended,bridging,0,04:23:36
664,-4.1743,85,mission_ended,bridging,0,04:24:06
665,-4.6767,85,mission_ended,bridging,0,04:24:08
666,16.1178,76,mission_ended,bridging,1,04:24:41
667,-3.6461,76,mission_ended,bridging,0,04:24:43
668,15.858,85,mission_ended,bridging,1,04:25:12
669,-3.7182,85,mission_ended,bridging,0,04:25:15
670,-4.0345,85,mission_ended,bridging,0,04:25:44
671,-3.9986,85,mission_ended,bridging,0,04:25:46
672,-3.2666,85,mission_ended,bridging,0,04:26:16
673,-4.0331,85,mission_ended,bridging,0,04:26:18
674,-4.0599,85,mission_ended,bridging,0,04:26:48
675,-3.7644,85,mission_ended,bridging,0,04:26:50
676,-3.7432,85,mission_ended,bridging,0,04:27:19
677,-4.0114,85,mission_ended,bridging,0,04:27:22
678,-4.5287,82,fell,bridging,0,04:27:54
679,-3.5062,83,mission_ended,bridging,0,04:27:54
680,-3.4611,84,mission_ended,bridging,0,04:28:24
681,-4.0853,85,mission_ended,bridging,0,04:28:26
682,-4.4078,79,fell,bridging,0,04:28:55
683,-3.8987,80,mission_ended,bridging,0,04:28:58
684,-4.537,85,mission_ended,bridging,0,04:29:27
685,-4.9998,85,mission_ended,bridging,0,04:29:29
686,-4.2423,85,mission_ended,bridging,0,04:29:59
687,-3.6795,85,mission_ended,bridging,0,04:30:01
688,-3.6029,22,fell,bridging,0,04:30:12
689,-4.11,73,mission_ended,bridging,0,04:30:30
690,-3.5838,85,mission_ended,bridging,0,04:30:44
691,-4.5247,76,mission_ended,bridging,0,04:31:02
692,-3.8373,76,mission_ended,bridging,0,04:31:16
693,-3.6098,85,mission_ended,bridging,0,04:31:34
694,-3.6386,85,mission_ended,bridging,0,04:31:48
695,-4.7724,85,mission_ended,bridging,0,04:32:06
696,-4.3398,85,mission_ended,bridging,0,04:32:19
697,-4.2043,85,mission_ended,bridging,0,04:32:37
698,-3.8248,84,mission_ended,bridging,0,04:32:51
699,-4.2608,85,mission_ended,bridging,0,04:33:09
700,-4.1323,85,mission_ended,bridging,0,04:33:23
701,-3.5798,85,mission_ended,bridging,0,04:33:41
702,-3.4996,85,mission_ended,bridging,0,04:33:54
703,-4.4883,85,mission_ended,bridging,0,04:34:13
704,-4.3277,85,mission_ended,bridging,0,04:34:26
705,17.9067,85,mission_ended,bridging,1,04:34:45
706,-3.7271,22,fell,bridging,0,04:34:56
707,-4.5827,73,mission_ended,bridging,0,04:35:01
708,-3.5159,75,mission_ended,bridging,0,04:35:28
709,-4.0635,85,mission_ended,bridging,0,04:35:36
710,-3.785,76,mission_ended,bridging,0,04:36:01
711,-4.8007,80,mission_ended,bridging,0,04:36:11
712,-4.6896,70,mission_ended,bridging,0,04:36:31
713,-4.0234,85,mission_ended,bridging,0,04:36:43
714,-3.5609,85,mission_ended,bridging,0,04:37:03
715,-4.3443,85,mission_ended,bridging,0,04:37:15
716,-4.012,85,mission_ended,bridging,0,04:37:35
717,-4.168,75,mission_ended,bridging,0,04:37:46
718,-3.3426,75,mission_ended,bridging,0,04:38:06
719,-4.1715,85,mission_ended,bridging,0,04:38:18
720,-4.6676,84,mission_ended,bridging,0,04:38:38
721,-3.7203,85,mission_ended,bridging,0,04:38:50
722,-4.0125,85,mission_ended,bridging,0,04:39:10
723,17.0083,85,mission_ended,bridging,1,04:39:22
724,-4.4765,85,mission_ended,bridging,0,04:39:41
725,-3.8052,85,mission_ended,bridging,0,04:39:54
726,-4.0084,85,mission_ended,bridging,0,04:40:13
727,15.8233,85,mission_ended,bridging,1,04:40:25
728,-4.4492,79,fell,bridging,0,04:40:44
729,-4.1716,80,mission_ended,bridging,0,04:40:57
730,-4.6641,85,mission_ended,bridging,0,04:41:19
731,-3.5027,76,mission_ended,bridging,0,04:41:29
732,-4.5688,85,mission_ended,bridging,0,04:41:51
733,-3.624,85,mission_ended,bridging,0,04:42:00
734,-4.2471,85,mission_ended,bridging,0,04:42:23
735,16.4662,85,mission_ended,bridging,1,04:42:32
736,-4.0364,85,mission_ended,bridging,0,04:42:55
737,-3.7853,85,mission_ended,bridging,0,04:43:04
738,-3.8898,85,mission_ended,bridging,0,04:43:26
739,-3.7121,85,mission_ended,bridging,0,04:43:36
740,17.3385,85,mission_ended,bridging,1,04:43:58
741,-4.5486,85,mission_ended,bridging,0,04:44:08
742,-4.3374,76,mission_ended,bridging,0,04:44:33
743,-3.5185,67,mission_ended,bridging,0,04:44:40
744,16.8997,85,mission_ended,bridging,1,04:45:05
745,-4.7588,85,mission_ended,bridging,0,04:45:11
746,-4.0876,85,mission_ended,bridging,0,04:45:37
747,-4.3857,85,mission_ended,bridging,0,04:45:43
748,-4.1374,37,fell,bridging,0,04:45:55
749,-3.4816,78,mission_ended,bridging,0,04:46:15
750,-4.7993,85,mission_ended,bridging,0,04:46:30
751,-4.1095,76,mission_ended,bridging,0,04:46:47
752,16.3971,85,mission_ended,bridging,1,04:47:01
753,17.7544,85,mission_ended,bridging,1,04:47:18
754,-4.1198,85,mission_ended,bridging,0,04:47:33
755,-4.6346,85,mission_ended,bridging,0,04:47:50
756,37.4196,85,mission_ended,bridging,2,04:48:05
757,-3.705,25,fell,bridging,0,04:48:17
758,-4.2027,73,mission_ended,bridging,0,04:48:25
759,-3.8107,76,mission_ended,bridging,0,04:48:49
760,-4.13,85,mission_ended,bridging,0,04:48:57
761,-3.4662,85,mission_ended,bridging,0,04:49:21
762,-3.8533,85,mission_ended,bridging,0,04:49:28
763,-3.2965,85,mission_ended,bridging,0,04:49:52
764,-4.2421,85,mission_ended,bridging,0,04:50:00
765,17.9791,85,mission_ended,bridging,1,04:50:24
766,-4.0744,84,mission_ended,bridging,0,04:50:32
767,-4.7496,76,mission_ended,bridging,0,04:50:56
768,-3.6075,76,mission_ended,bridging,0,04:51:04
769,-3.3849,85,mission_ended,bridging,0,04:51:28
770,37.1017,85,mission_ended,bridging,2,04:51:35
771,17.9203,85,mission_ended,bridging,1,04:52:00
772,15.8935,84,mission_ended,bridging,1,04:52:07
773,-4.0581,85,mission_ended,bridging,0,04:52:35
774,-3.6196,75,mission_ended,bridging,0,04:52:39
775,-4.3852,85,mission_ended,bridging,0,04:53:06
776,-3.6863,85,mission_ended,bridging,0,04:53:10
777,-3.9423,85,mission_ended,bridging,0,04:53:38
778,58.5437,85,mission_ended,bridging,3,04:53:42
779,-4.2818,85,mission_ended,bridging,0,04:54:10
780,37.5358,85,mission_ended,bridging,2,04:54:14
781,-3.7067,85,mission_ended,bridging,0,04:54:42
782,-4.6321,85,mission_ended,bridging,0,04:54:46
783,-3.7336,85,mission_ended,bridging,0,04:55:13
784,-4.2265,85,mission_ended,bridging,0,04:55:17
785,-3.8305,85,mission_ended,bridging,0,04:55:45
786,-3.7809,85,mission_ended,bridging,0,04:55:49
787,-3.9636,85,mission_ended,bridging,0,04:56:17
788,-4.1303,85,mission_ended,bridging,0,04:56:21
789,-3.6941,85,mission_ended,bridging,0,04:56:49
790,16.9215,85,mission_ended,bridging,1,04:56:53
791,36.9755,54,fell,bridging,2,04:57:14
792,16.7412,73,mission_ended,bridging,1,04:57:21
793,-3.848,75,mission_ended,bridging,0,04:57:46
794,-3.3252,75,mission_ended,bridging,0,04:57:52
795,-4.0221,85,mission_ended,bridging,0,04:58:18
796,-4.1637,85,mission_ended,bridging,0,04:58:24
797,-4.1331,85,mission_ended,bridging,0,04:58:49
798,-4.1985,85,mission_ended,bridging,0,04:58:56
799,-3.9967,85,mission_ended,bridging,0,04:59:21
800,-4.3725,85,mission_ended,bridging,0,04:59:27
801,-4.3286,85,mission_ended,bridging,0,04:59:53
802,-4.5305,85,mission_ended,bridging,0,04:59:59
803,-3.9948,85,mission_ended,bridging,0,05:00:25
804,-4.025,85,mission_ended,bridging,0,05:00:31
805,-3.8808,85,mission_ended,bridging,0,05:00:57
806,-3.5404,84,mission_ended,bridging,0,05:01:03
807,-4.0562,85,mission_ended,bridging,0,05:01:28
808,-3.8494,85,mission_ended,bridging,0,05:01:34
809,18.1596,85,mission_ended,bridging,1,05:02:00
810,-3.6366,85,mission_ended,bridging,0,05:02:06
811,38.5495,85,mission_ended,bridging,2,05:02:32
812,-4.8253,85,mission_ended,bridging,0,05:02:41
813,-4.1103,76,mission_ended,bridging,0,05:03:07
814,-3.5041,76,mission_ended,bridging,0,05:03:13
815,-4.0397,46,fell,bridging,0,05:03:28
816,36.1577,79,mission_ended,bridging,2,05:03:44
817,-4.172,85,mission_ended,bridging,0,05:04:00
818,16.9183,76,mission_ended,bridging,1,05:04:16
819,-4.275,76,mission_ended,bridging,0,05:04:35
820,-3.9051,75,mission_ended,bridging,0,05:04:48
821,-3.5674,84,mission_ended,bridging,0,05:05:06
822,-4.0979,75,fell,bridging,0,05:05:19
823,-3.957,43,fell,bridging,0,05:05:28
824,-4.1317,79,mission_ended,bridging,0,05:05:50
825,-3.8839,85,mission_ended,bridging,0,05:06:00
826,-4.2383,85,mission_ended,bridging,0,05:06:22
827,-3.9865,85,mission_ended,bridging,0,05:06:31
828,-3.7477,85,mission_ended,bridging,0,05:06:54
829,-4.7339,85,mission_ended,bridging,0,05:07:03
830,-3.7039,85,mission_ended,bridging,0,05:07:25
831,-3.7404,84,mission_ended,bridging,0,05:07:35
832,-4.4292,62,fell,bridging,0,05:07:52
833,-4.2445,79,mission_ended,bridging,0,05:08:07
834,37.1365,85,mission_ended,bridging,2,05:08:27
835,-4.053,75,mission_ended,bridging,0,05:08:38
836,-3.8491,85,mission_ended,bridging,0,05:08:59
837,-3.6944,85,mission_ended,bridging,0,05:09:10
838,58.1331,84,mission_ended,bridging,3,05:09:30
839,-5.1641,85,mission_ended,bridging,0,05:09:42
840,-4.5154,85,mission_ended,bridging,0,05:10:02
841,-4.4014,85,mission_ended,bridging,0,05:10:14
842,-4.4189,85,mission_ended,bridging,0,05:10:34
843,58.5754,79,mission_ended,bridging,3,05:10:47
844,16.2267,75,mission_ended,bridging,1,05:11:06
845,-3.5662,85,mission_ended,bridging,0,05:11:19
846,-3.731,84,mission_ended,bridging,0,05:11:37
847,-3.5375,85,mission_ended,bridging,0,05:11:51
848,-3.9447,85,mission_ended,bridging,0,05:12:09
849,16.3144,85,mission_ended,bridging,1,05:12:22
850,-4.3622,85,mission_ended,bridging,0,05:12:41
851,-3.9953,85,mission_ended,bridging,0,05:12:54
852,15.655,84,mission_ended,bridging,1,05:13:12
853,-4.5312,85,mission_ended,bridging,0,05:13:29
854,-4.1158,75,mission_ended,bridging,0,05:13:44
855,-4.1147,85,mission_ended,bridging,0,05:14:01
856,-3.5766,85,mission_ended,bridging,0,05:14:16
857,36.7374,85,mission_ended,bridging,2,05:14:33
858,-4.7184,85,mission_ended,bridging,0,05:14:48
859,-4.8173,85,mission_ended,bridging,0,05:15:05
860,-3.8622,85,mission_ended,bridging,0,05:15:19
861,-4.1084,85,mission_ended,bridging,0,05:15:36
862,-3.6928,85,mission_ended,bridging,0,05:15:51
863,-3.869,85,mission_ended,bridging,0,05:16:08
864,38.0183,85,mission_ended,bridging,2,05:16:23
865,-4.5313,85,mission_ended,bridging,0,05:16:40
866,-4.3955,85,mission_ended,bridging,0,05:16:55
867,-4.5917,85,mission_ended,bridging,0,05:17:12
868,-4.1711,76,mission_ended,bridging,0,05:17:27
869,-3.5046,75,mission_ended,bridging,0,05:17:43
870,-4.2738,85,mission_ended,bridging,0,05:18:01
871,-3.7601,76,mission_ended,bridging,0,05:18:18
872,-4.3664,76,mission_ended,bridging,0,05:18:36
873,17.8664,76,mission_ended,bridging,1,05:18:50
874,-4.0676,85,mission_ended,bridging,0,05:19:08
875,-3.8169,85,mission_ended,bridging,0,05:19:22
876,-4.1843,85,mission_ended,bridging,0,05:19:40
877,-3.8786,84,mission_ended,bridging,0,05:19:53
878,-5.0511,85,mission_ended,bridging,0,05:20:15
879,-5.8313,76,mission_ended,bridging,0,05:20:28
880,-4.481,76,mission_ended,bridging,0,05:20:50
881,-3.2213,75,mission_ended,bridging,0,05:21:00
882,-3.6643,85,mission_ended,bridging,0,05:21:22
883,-4.3816,85,mission_ended,bridging,0,05:21:35
884,-3.5923,75,mission_ended,bridging,0,05:21:53
885,38.3011,85,mission_ended,bridging,2,05:22:07
886,16.5239,84,mission_ended,bridging,1,05:22:25
887,16.584,85,mission_ended,bridging,1,05:22:38
888,-3.7848,22,fell,bridging,0,05:22:50
889,-3.5924,72,mission_ended,bridging,0,05:22:56
890,-4.6005,85,mission_ended,bridging,0,05:23:22
891,17.0069,85,mission_ended,bridging,1,05:23:28
892,-4.2486,85,mission_ended,bridging,0,05:23:53
893,38.5741,85,mission_ended,bridging,2,05:24:00
894,-3.6201,75,mission_ended,bridging,0,05:24:25
895,-5.7971,75,mission_ended,bridging,0,05:24:35
896,-3.7471,75,mission_ended,bridging,0,05:24:57
897,-4.5336,85,mission_ended,bridging,0,05:25:10
898,-3.9886,76,mission_ended,bridging,0,05:25:29
899,-3.9402,85,mission_ended,bridging,0,05:25:41
900,-3.9915,85,mission_ended,bridging,0,05:26:00
901,-4.1324,85,mission_ended,bridging,0,05:26:13
902,-4.3317,85,mission_ended,bridging,0,05:26:32
903,-4.5063,85,mission_ended,bridging,0,05:26:48
904,-3.8992,76,mission_ended,bridging,0,05:27:04
905,16.0916,85,mission_ended,bridging,1,05:27:20
906,-3.9083,85,mission_ended,bridging,0,05:27:36
907,-4.3542,85,mission_ended,bridging,0,05:27:52
908,-4.5342,85,mission_ended,bridging,0,05:28:08
909,-3.4533,85,mission_ended,bridging,0,05:28:23
910,-3.5974,85,mission_ended,bridging,0,05:28:39
911,15.9219,85,mission_ended,bridging,1,05:28:55
912,15.5626,85,mission_ended,bridging,1,05:29:11
913,-4.0843,85,mission_ended,bridging,0,05:29:27
914,-3.4719,85,mission_ended,bridging,0,05:29:43
915,-4.4936,85,mission_ended,bridging,0,05:29:59
916,-3.3576,85,mission_ended,bridging,0,05:30:15
917,16.3459,85,mission_ended,bridging,1,05:30:30
918,-3.9451,76,mission_ended,bridging,0,05:30:47
919,-3.8287,75,mission_ended,bridging,0,05:31:02
920,-4.7314,85,mission_ended,bridging,0,05:31:22
921,-3.8521,75,mission_ended,bridging,0,05:31:34
922,16.2387,85,mission_ended,bridging,1,05:31:53
923,-3.6124,85,mission_ended,bridging,0,05:32:06
924,-4.0979,85,mission_ended,bridging,0,05:32:25
925,-3.6905,85,mission_ended,bridging,0,05:32:37
926,-3.7213,85,mission_ended,bridging,0,05:32:57
927,38.4332,85,mission_ended,bridging,2,05:33:09
928,-3.5722,85,mission_ended,bridging,0,05:33:29
929,-4.4997,74,fell,bridging,0,05:33:39
930,-3.6528,79,mission_ended,bridging,0,05:34:01
931,-4.074,84,mission_ended,bridging,0,05:34:11
932,-3.9708,51,fell,bridging,0,05:34:23
933,16.6104,79,mission_ended,bridging,1,05:34:43
934,-4.7982,85,mission_ended,bridging,0,05:34:58
935,-3.9523,76,mission_ended,bridging,0,05:35:18
936,-4.1651,76,mission_ended,bridging,0,05:35:30
937,-3.6042,85,mission_ended,bridging,0,05:35:50
938,-3.895,84,mission_ended,bridging,0,05:36:02
939,-4.8137,85,mission_ended,bridging,0,05:36:24
940,-4.519,76,mission_ended,bridging,0,05:36:37
941,-3.7099,76,mission_ended,bridging,0,05:36:56
942,-3.6419,85,mission_ended,bridging,0,05:37:10
943,-3.9197,80,mission_ended,bridging,0,05:37:28
944,-4.1708,77,mission_ended,bridging,0,05:37:42
945,-3.6136,75,mission_ended,bridging,0,05:38:00
946,58.3647,85,mission_ended,bridging,3,05:38:14
947,-3.7452,85,mission_ended,bridging,0,05:38:31
948,18.17,85,mission_ended,bridging,1,05:38:46
949,-3.5248,85,mission_ended,bridging,0,05:39:03
950,-4.4147,85,mission_ended,bridging,0,05:39:17
951,17.3511,85,mission_ended,bridging,1,05:39:35
952,-4.8238,85,mission_ended,bridging,0,05:39:49
953,-3.8685,85,mission_ended,bridging,0,05:40:07
954,-3.4086,85,mission_ended,bridging,0,05:40:21
955,-3.2804,85,mission_ended,bridging,0,05:40:38
956,-4.6309,85,mission_ended,bridging,0,05:40:53
957,-3.7077,85,mission_ended,bridging,0,05:41:10
958,-4.2114,64,fell,bridging,0,05:41:20
959,-4.5519,79,mission_ended,bridging,0,05:41:45
960,-4.4098,76,mission_ended,bridging,0,05:41:54
961,-3.4686,75,mission_ended,bridging,0,05:42:16
962,-4.0511,85,mission_ended,bridging,0,05:42:26
963,-5.0136,85,mission_ended,bridging,0,05:42:48
964,-4.0368,85,mission_ended,bridging,0,05:42:58
965,-3.9553,85,mission_ended,bridging,0,05:43:20
966,-4.3548,85,mission_ended,bridging,0,05:43:30
967,-3.84,84,mission_ended,bridging,0,05:43:52
968,-3.7634,85,mission_ended,bridging,0,05:44:02
969,-3.9254,76,mission_ended,bridging,0,05:44:26
970,-3.4865,66,mission_ended,bridging,0,05:44:33
971,-3.9133,85,mission_ended,bridging,0,05:44:58
972,-3.9573,85,mission_ended,bridging,0,05:45:05
973,-3.6084,84,mission_ended,bridging,0,05:45:30
974,-4.06,85,mission_ended,bridging,0,05:45:37
975,-3.9635,85,mission_ended,bridging,0,05:46:02
976,-3.7528,85,mission_ended,bridging,0,05:46:09
977,-4.2964,85,mission_ended,bridging,0,05:46:33
978,-3.8548,85,mission_ended,bridging,0,05:46:40
979,-3.9383,85,mission_ended,bridging,0,05:47:05
980,-3.9834,85,mission_ended,bridging,0,05:47:12
981,-4.5087,67,fell,bridging,0,05:47:33
982,-3.7793,78,mission_ended,bridging,0,05:47:44
983,-4.0516,85,mission_ended,bridging,0,05:48:05
984,-4.3238,85,mission_ended,bridging,0,05:48:15
985,18.0051,85,mission_ended,bridging,1,05:48:36
986,-3.8788,85,mission_ended,bridging,0,05:48:47
987,17.3811,85,mission_ended,bridging,1,05:49:08
988,-4.1187,85,mission_ended,bridging,0,05:49:19
989,-3.3369,85,mission_ended,bridging,0,05:49:40
990,-3.9474,85,mission_ended,bridging,0,05:49:51
991,-3.7301,85,mission_ended,bridging,0,05:50:12
992,-3.4468,85,mission_ended,bridging,0,05:50:23
993,-4.2043,77,mission_ended,bridging,0,05:50:44
994,-3.3955,75,mission_ended,bridging,0,05:50:54
995,-4.0255,85,mission_ended,bridging,0,05:51:16
996,-3.5954,85,mission_ended,bridging,0,05:51:26
997,18.1876,85,mission_ended,bridging,1,05:51:48
998,-3.964,84,mission_ended,bridging,0,05:51:58
999,-4.5001,85,mission_ended,bridging,0,05:52:23
1000,-4.2567,76,mission_ended,bridging,0,05:52:33
1001,17.9665,76,mission_ended,bridging,1,05:52:55
1002,-3.8081,85,mission_ended,bridging,0,05:53:04
1003,-4.1658,85,mission_ended,bridging,0,05:53:26
1004,17.3213,85,mission_ended,bridging,1,05:53:36
1005,-3.6303,85,mission_ended,bridging,0,05:53:58
1006,-4.3124,85,mission_ended,bridging,0,05:54:08
1007,-3.6032,85,mission_ended,bridging,0,05:54:30
1008,-4.1366,85,mission_ended,bridging,0,05:54:40
1009,-3.682,85,mission_ended,bridging,0,05:55:02
1010,-3.7543,85,mission_ended,bridging,0,05:55:12
1011,18.2273,85,mission_ended,bridging,1,05:55:34
1012,-3.6451,84,mission_ended,bridging,0,05:55:43
1013,-4.6393,85,mission_ended,bridging,0,05:56:08
1014,-3.9429,76,mission_ended,bridging,0,05:56:15
1015,-4.4915,85,mission_ended,bridging,0,05:56:40
1016,-4.0176,85,mission_ended,bridging,0,05:56:47
1017,-3.6254,23,fell,bridging,0,05:56:58
1018,-6.2134,73,mission_ended,bridging,0,05:57:12
1019,-4.1225,56,fell,bridging,0,05:57:22
1020,-4.3077,71,mission_ended,bridging,0,05:57:47
1021,-4.2983,67,mission_ended,bridging,0,05:57:54
1022,-4.1449,85,mission_ended,bridging,0,05:58:19
1023,-3.7606,85,mission_ended,bridging,0,05:58:26
1024,-3.9664,85,mission_ended,bridging,0,05:58:50
1025,-3.9611,85,mission_ended,bridging,0,05:58:58
1026,-3.6651,85,mission_ended,bridging,0,05:59:22
1027,16.2566,85,mission_ended,bridging,1,05:59:29
1028,36.8664,85,mission_ended,bridging,2,05:59:54
1029,-3.645,9,fell,bridging,0,06:00:03
1030,-4.0974,78,mission_ended,bridging,0,06:00:03
1031,-3.9832,85,mission_ended,bridging,0,06:00:35
1032,-4.2374,85,mission_ended,bridging,0,06:00:35
1033,15.9795,85,mission_ended,bridging,1,06:01:06
1034,-3.7156,85,mission_ended,bridging,0,06:01:06
1035,17.144,85,mission_ended,bridging,1,06:01:38
1036,-3.7891,85,mission_ended,bridging,0,06:01:38
1037,-3.7422,85,mission_ended,bridging,0,06:02:10
1038,-4.4841,85,mission_ended,bridging,0,06:02:10
1039,-4.2215,85,mission_ended,bridging,0,06:02:42
1040,-4.0646,85,mission_ended,bridging,0,06:02:42
1041,-4.6801,85,mission_ended,bridging,0,06:03:13
1042,-4.3001,85,mission_ended,bridging,0,06:03:13
1043,38.4525,85,mission_ended,bridging,2,06:03:45
1044,-3.9079,85,mission_ended,bridging,0,06:03:45
1045,-4.4408,76,mission_ended,bridging,0,06:04:20
1046,16.4816,76,mission_ended,bridging,1,06:04:20
1047,17.0705,85,mission_ended,bridging,1,06:04:52
1048,-3.7508,85,mission_ended,bridging,0,06:04:52
1049,-3.8768,85,mission_ended,bridging,0,06:05:24
1050,-4.2802,85,mission_ended,bridging,0,06:05:24
1051,-3.2864,85,mission_ended,bridging,0,06:05:55
1052,-3.8312,85,mission_ended,bridging,0,06:05:55
1053,16.1343,85,mission_ended,bridging,1,06:06:27
1054,-3.6756,85,mission_ended,bridging,0,06:06:27
1055,-3.4119,85,mission_ended,bridging,0,06:06:59
1056,-4.4028,85,mission_ended,bridging,0,06:06:59
1057,-4.3348,84,mission_ended,bridging,0,06:07:29
1058,17.4879,85,mission_ended,bridging,1,06:07:31
1059,-4.2802,85,mission_ended,bridging,0,06:08:00
1060,-3.3906,85,mission_ended,bridging,0,06:08:03
1061,36.6261,85,mission_ended,bridging,2,06:08:32
1062,-4.7113,85,mission_ended,bridging,0,06:08:34
1063,-4.4131,85,mission_ended,bridging,0,06:09:04
1064,-4.4743,85,mission_ended,bridging,0,06:09:06
1065,-4.158,85,mission_ended,bridging,0,06:09:36
1066,-3.4501,85,mission_ended,bridging,0,06:09:38
1067,-4.7672,85,mission_ended,bridging,0,06:10:07
1068,-4.0998,85,mission_ended,bridging,0,06:10:10
1069,16.2759,76,mission_ended,bridging,1,06:10:39
1070,-3.8217,76,mission_ended,bridging,0,06:10:41
1071,-3.5726,85,mission_ended,bridging,0,06:11:11
1072,-3.7832,85,mission_ended,bridging,0,06:11:13
1073,-4.3821,85,mission_ended,bridging,0,06:11:43
1074,-3.4219,85,mission_ended,bridging,0,06:11:45
1075,-3.9732,85,mission_ended,bridging,0,06:12:14
1076,-4.0993,85,mission_ended,bridging,0,06:12:17
1077,-6.3889,85,mission_ended,bridging,0,06:12:46
1078,-4.1665,85,mission_ended,bridging,0,06:12:49
1079,-4.0427,85,mission_ended,bridging,0,06:13:20
1080,-4.7042,84,mission_ended,bridging,0,06:13:20
1081,-4.774,85,mission_ended,bridging,0,06:13:55
1082,-4.1486,85,mission_ended,bridging,0,06:13:55
1083,-4.3741,85,mission_ended,bridging,0,06:14:27
1084,-4.4089,85,mission_ended,bridging,0,06:14:27
1085,-3.9856,85,mission_ended,bridging,0,06:14:59
1086,-3.676,85,mission_ended,bridging,0,06:14:59
1087,-3.392,85,mission_ended,bridging,0,06:15:30
1088,-4.314,85,mission_ended,bridging,0,06:15:30
1089,-3.7008,41,fell,bridging,0,06:15:48
1090,-4.5809,79,mission_ended,bridging,0,06:16:05
1091,-3.4696,75,mission_ended,bridging,0,06:16:19
1092,-3.6289,85,mission_ended,bridging,0,06:16:37
1093,-3.454,85,mission_ended,bridging,0,06:16:51
1094,-3.8284,75,mission_ended,bridging,0,06:17:09
1095,-3.1374,75,mission_ended,bridging,0,06:17:23
1096,-3.8472,85,mission_ended,bridging,0,06:17:41
1097,-3.5054,85,mission_ended,bridging,0,06:17:55
1098,-4.2063,85,mission_ended,bridging,0,06:18:12
1099,-4.1989,85,mission_ended,bridging,0,06:18:26
1100,-4.5472,85,mission_ended,bridging,0,06:18:44
1101,14.9619,85,mission_ended,bridging,1,06:18:58
1102,-3.5828,85,mission_ended,bridging,0,06:19:16
1103,16.3687,85,mission_ended,bridging,1,06:19:30
1104,-3.9926,74,fell,bridging,0,06:19:46
1105,-4.7546,79,mission_ended,bridging,0,06:20:02
1106,-4.1884,85,mission_ended,bridging,0,06:20:21
1107,17.9924,75,mission_ended,bridging,1,06:20:33
1108,-4.7409,85,mission_ended,bridging,0,06:20:56
1109,-4.2119,76,mission_ended,bridging,0,06:21:08
1110,-4.9457,76,mission_ended,bridging,0,06:21:31
1111,-4.3158,76,mission_ended,bridging,0,06:21:40
1112,-4.1168,85,mission_ended,bridging,0,06:22:02
1113,-4.2201,85,mission_ended,bridging,0,06:22:12
1114,-3.5807,85,mission_ended,bridging,0,06:22:34
1115,-4.6198,85,mission_ended,bridging,0,06:22:44
1116,37.8732,85,mission_ended,bridging,2,06:23:06
1117,-3.9906,85,mission_ended,bridging,0,06:23:15
1118,16.5888,85,mission_ended,bridging,1,06:23:38
1119,-4.6503,78,mission_ended,bridging,0,06:23:48
1120,16.5106,75,mission_ended,bridging,1,06:24:09
1121,-3.6382,85,mission_ended,bridging,0,06:24:20
1122,-4.1368,78,fell,bridging,0,06:24:41
1123,-3.8651,79,mission_ended,bridging,0,06:24:52
1124,-4.2065,85,mission_ended,bridging,0,06:25:13
1125,-4.0625,85,mission_ended,bridging,0,06:25:23
1126,-3.857,85,mission_ended,bridging,0,06:25:44
1127,-3.9815,85,mission_ended,bridging,0,06:25:55
1128,-3.4111,85,mission_ended,bridging,0,06:26:16
1129,-4.9104,85,mission_ended,bridging,0,06:26:27
1130,-3.5575,85,mission_ended,bridging,0,06:26:48
1131,-4.023,85,mission_ended,bridging,0,06:26:59
1132,-4.6033,85,mission_ended,bridging,0,06:27:20
1133,-4.5942,85,mission_ended,bridging,0,06:27:30
1134,38.2109,85,mission_ended,bridging,2,06:27:51
1135,-3.7036,85,mission_ended,bridging,0,06:28:02
1136,-3.9577,84,mission_ended,bridging,0,06:28:23
1137,-3.3454,85,mission_ended,bridging,0,06:28:34
1138,-4.1363,63,fell,bridging,0,06:28:50
1139,-3.64,79,mission_ended,bridging,0,06:29:06
1140,-4.1248,85,mission_ended,bridging,0,06:29:21
1141,35.6749,84,mission_ended,bridging,2,06:29:38
1142,-3.7645,84,mission_ended,bridging,0,06:29:53
1143,-3.8226,85,mission_ended,bridging,0,06:30:13
1144,-3.3448,65,mission_ended,bridging,0,06:30:25
1145,-3.6083,74,mission_ended,bridging,0,06:30:44
1146,-4.2747,85,mission_ended,bridging,0,06:31:00
1147,-3.8786,75,mission_ended,bridging,0,06:31:16
1148,15.8204,85,mission_ended,bridging,1,06:31:35
1149,-4.3495,76,mission_ended,bridging,0,06:31:51
1150,-3.6492,76,mission_ended,bridging,0,06:32:07
1151,15.868,85,mission_ended,bridging,1,06:32:23
1152,-4.538,85,mission_ended,bridging,0,06:32:39
1153,-4.1208,84,mission_ended,bridging,0,06:32:54
1154,-4.2138,85,mission_ended,bridging,0,06:33:13
1155,-3.9841,76,mission_ended,bridging,0,06:33:26
1156,-4.0234,37,fell,bridging,0,06:33:31
1157,-3.4816,79,mission_ended,bridging,0,06:33:58
1158,-4.0106,85,mission_ended,bridging,0,06:34:03
1159,-4.1841,74,fell,bridging,0,06:34:28
1160,-4.2328,78,mission_ended,bridging,0,06:34:35
1161,-3.9037,84,mission_ended,bridging,0,06:35:00
1162,-3.8908,85,mission_ended,bridging,0,06:35:10
1163,-3.5275,76,mission_ended,bridging,0,06:35:32
1164,-4.9702,85,mission_ended,bridging,0,06:35:41
1165,-4.6094,85,mission_ended,bridging,0,06:36:03
1166,57.6817,85,mission_ended,bridging,3,06:36:13
1167,-4.1373,85,mission_ended,bridging,0,06:36:35
1168,-3.6236,85,mission_ended,bridging,0,06:36:45
1169,-3.5287,85,mission_ended,bridging,0,06:37:07
1170,-4.1164,76,mission_ended,bridging,0,06:37:17
1171,-3.5905,55,fell,bridging,0,06:37:34
1172,16.1535,79,mission_ended,bridging,1,06:37:49
1173,76.6854,85,mission_ended,bridging,4,06:38:09
1174,-4.6478,76,mission_ended,bridging,0,06:38:23
1175,-3.8774,76,mission_ended,bridging,0,06:38:43
1176,17.5901,76,mission_ended,bridging,1,06:38:55
1177,-4.3661,85,mission_ended,bridging,0,06:39:15
1178,-3.9447,85,mission_ended,bridging,0,06:39:27
1179,-3.3646,85,mission_ended,bridging,0,06:39:47
1180,-3.6548,84,mission_ended,bridging,0,06:39:59
1181,-4.1997,85,mission_ended,bridging,0,06:40:22
1182,-3.3243,76,mission_ended,bridging,0,06:40:31
1183,-4.1691,84,mission_ended,bridging,0,06:40:54
1184,-3.64,85,mission_ended,bridging,0,06:41:03
1185,-4.3822,84,mission_ended,bridging,0,06:41:25
1186,119.3529,85,mission_ended,bridging,6,06:41:34
1187,15.945,85,mission_ended,bridging,1,06:41:57
1188,-3.6842,85,mission_ended,bridging,0,06:42:06
1189,-3.731,85,mission_ended,bridging,0,06:42:29
1190,-3.7415,85,mission_ended,bridging,0,06:42:38
1191,-4.2625,85,mission_ended,bridging,0,06:43:01
1192,-3.9979,85,mission_ended,bridging,0,06:43:10
1193,-3.8032,85,mission_ended,bridging,0,06:43:32
1194,-4.2022,84,mission_ended,bridging,0,06:43:41
1195,-3.7921,75,mission_ended,bridging,0,06:44:04
1196,15.8523,76,mission_ended,bridging,1,06:44:16
1197,-4.1844,76,mission_ended,bridging,0,06:44:39
1198,-3.4837,75,mission_ended,bridging,0,06:44:48
1199,-3.3672,85,mission_ended,bridging,0,06:45:11
1200,-3.6578,84,mission_ended,bridging,0,06:45:20
1201,-4.8292,19,fell,bridging,0,06:45:30
1202,-3.5665,73,mission_ended,bridging,0,06:45:43
1203,-4.8256,85,mission_ended,bridging,0,06:46:05
1204,-3.7749,76,mission_ended,bridging,0,06:46:18
1205,-3.9304,76,mission_ended,bridging,0,06:46:39
1206,-4.3456,76,mission_ended,bridging,0,06:46:50
1207,-4.3235,85,mission_ended,bridging,0,06:47:11
1208,17.2568,85,mission_ended,bridging,1,06:47:21
1209,-3.5023,85,mission_ended,bridging,0,06:47:43
1210,-3.9689,85,mission_ended,bridging,0,06:47:53
1211,-3.9429,85,mission_ended,bridging,0,06:48:15
1212,-3.6729,85,mission_ended,bridging,0,06:48:25
1213,-4.1962,85,mission_ended,bridging,0,06:48:47
1214,-3.8626,85,mission_ended,bridging,0,06:48:57
1215,-3.3399,85,mission_ended,bridging,0,06:49:18
1216,-3.8935,85,mission_ended,bridging,0,06:49:28
1217,-3.6326,85,mission_ended,bridging,0,06:49:50
1218,-3.5817,85,mission_ended,bridging,0,06:50:00
1219,-4.0238,85,mission_ended,bridging,0,06:50:22
1220,-3.5962,85,mission_ended,bridging,0,06:50:32
1221,-3.7763,76,mission_ended,bridging,0,06:50:57
1222,-3.8487,67,mission_ended,bridging,0,06:51:07
1223,-4.3603,75,mission_ended,bridging,0,06:51:28
1224,36.5811,85,mission_ended,bridging,2,06:51:42
1225,-3.688,75,mission_ended,bridging,0,06:52:00
1226,-3.5648,85,mission_ended,bridging,0,06:52:14
1227,-3.9215,85,mission_ended,bridging,0,06:52:32
1228,37.8798,85,mission_ended,bridging,2,06:52:45
1229,-3.4158,85,mission_ended,bridging,0,06:53:03
1230,-4.5188,85,mission_ended,bridging,0,06:53:17
1231,-4.3104,85,mission_ended,bridging,0,06:53:35
1232,-4.2138,85,mission_ended,bridging,0,06:53:49
1233,-3.7537,85,mission_ended,bridging,0,06:54:07
1234,-4.0107,85,mission_ended,bridging,0,06:54:21
1235,-3.9808,85,mission_ended,bridging,0,06:54:39
1236,-4.2802,84,mission_ended,bridging,0,06:54:52
1237,-3.8174,22,fell,bridging,0,06:55:03
1238,-3.3705,73,mission_ended,bridging,0,06:55:11
1239,-3.9623,85,mission_ended,bridging,0,06:55:35
1240,-3.9184,85,mission_ended,bridging,0,06:55:42
1241,37.8504,85,mission_ended,bridging,2,06:56:07
1242,-3.2342,85,mission_ended,bridging,0,06:56:14
1243,-3.4927,85,mission_ended,bridging,0,06:56:39
1244,-4.1152,85,mission_ended,bridging,0,06:56:49
1245,-4.164,76,mission_ended,bridging,0,06:57:14
1246,-3.5731,75,mission_ended,bridging,0,06:57:21
1247,-3.2972,76,mission_ended,bridging,0,06:57:46
1248,-4.0776,76,mission_ended,bridging,0,06:57:53
1249,-3.7852,16,fell,bridging,64,06:57:55
1250,-3.9426,84,mission_ended,bridging,0,06:58:25
1251,-3.5319,84,mission_ended,bridging,0,06:58:27
1252,-3.509,85,mission_ended,bridging,0,06:58:56
1253,-3.7102,85,mission_ended,bridging,0,06:58:59
1254,-3.861,29,fell,bridging,0,06:59:12
1255,-3.9907,79,mission_ended,bridging,0,06:59:30
1256,-4.4171,85,mission_ended,bridging,0,06:59:46
1257,-4.5709,76,mission_ended,bridging,0,07:00:05
1258,37.5961,76,mission_ended,bridging,2,07:00:18
1259,-3.9151,85,mission_ended,bridging,0,07:00:37
1260,-3.7773,85,mission_ended,bridging,0,07:00:50
1261,-4.2678,85,mission_ended,bridging,0,07:01:09
1262,-4.6599,85,mission_ended,bridging,0,07:01:22
1263,-4.3288,84,mission_ended,bridging,0,07:01:40
1264,-3.5359,84,mission_ended,bridging,0,07:01:54
1265,-4.7762,85,mission_ended,bridging,0,07:02:12
1266,-3.8109,85,mission_ended,bridging,0,07:02:25
1267,17.3271,85,mission_ended,bridging,1,07:02:44
1268,-3.9278,85,mission_ended,bridging,0,07:02:57
1269,-4.0297,85,mission_ended,bridging,0,07:03:16
1270,-3.9099,85,mission_ended,bridging,0,07:03:29
1271,-4.0944,84,mission_ended,bridging,0,07:03:48
1272,-4.7431,85,mission_ended,bridging,0,07:04:04
1273,-4.3727,67,mission_ended,bridging,0,07:04:22
1274,-4.2554,67,mission_ended,bridging,0,07:04:39
1275,-3.6026,76,mission_ended,bridging,0,07:04:54
1276,-3.2742,85,mission_ended,bridging,0,07:05:11
1277,-3.1465,85,mission_ended,bridging,0,07:05:26
1278,-4.2342,85,mission_ended,bridging,0,07:05:42
1279,-4.3634,85,mission_ended,bridging,0,07:05:58
1280,-4.0768,85,mission_ended,bridging,0,07:06:14
1281,-3.8761,85,mission_ended,bridging,0,07:06:30
1282,-3.6136,85,mission_ended,bridging,0,07:06:46
1283,-3.8282,85,mission_ended,bridging,0,07:07:01
1284,-4.4104,85,mission_ended,bridging,0,07:07:18
1285,-4.011,85,mission_ended,bridging,0,07:07:33
1286,16.307,85,mission_ended,bridging,1,07:07:49
1287,16.87,85,mission_ended,bridging,1,07:08:05
1288,-4.5498,85,mission_ended,bridging,0,07:08:21
1289,-3.6166,85,mission_ended,bridging,0,07:08:37
1290,-4.1522,85,mission_ended,bridging,0,07:08:53
1291,15.7957,85,mission_ended,bridging,1,07:09:11
1292,-3.6139,76,mission_ended,bridging,0,07:09:25
1293,-3.8689,85,mission_ended,bridging,0,07:09:43
1294,16.4533,85,mission_ended,bridging,1,07:09:57
1295,-3.6758,85,mission_ended,bridging,0,07:10:15
1296,16.4621,85,mission_ended,bridging,1,07:10:29
1297,-3.7312,76,mission_ended,bridging,0,07:10:47
1298,-4.057,76,mission_ended,bridging,0,07:11:00
1299,-4.246,85,mission_ended,bridging,0,07:11:19
1300,-4.1427,85,mission_ended,bridging,0,07:11:32
1301,-4.3352,85,mission_ended,bridging,0,07:11:50
1302,-3.7407,85,mission_ended,bridging,0,07:12:04
1303,-3.5381,85,mission_ended,bridging,0,07:12:22
1304,-3.8404,85,mission_ended,bridging,0,07:12:36
1305,-4.0783,85,mission_ended,bridging,0,07:12:54
1306,-3.7867,85,mission_ended,bridging,0,07:13:07
1307,16.7887,85,mission_ended,bridging,1,07:13:26
1308,-4.3188,85,mission_ended,bridging,0,07:13:39
1309,-3.9809,85,mission_ended,bridging,0,07:13:58
1310,-3.6416,85,mission_ended,bridging,0,07:14:11
1311,-4.7431,85,mission_ended,bridging,0,07:14:29
1312,-3.6603,85,mission_ended,bridging,0,07:14:43
1313,-3.8013,85,mission_ended,bridging,0,07:15:01
1314,-3.3419,85,mission_ended,bridging,0,07:15:15
1315,-4.5246,85,mission_ended,bridging,0,07:15:33
1316,-4.016,85,mission_ended,bridging,0,07:15:46
1317,-4.0607,85,mission_ended,bridging,0,07:16:05
1318,-3.8683,85,mission_ended,bridging,0,07:16:18
1319,-3.9086,85,mission_ended,bridging,0,07:16:36
1320,-3.8053,85,mission_ended,bridging,0,07:16:50
1321,17.9954,85,mission_ended,bridging,1,07:17:11
1322,-4.1128,76,mission_ended,bridging,0,07:17:22
1323,-4.1909,85,mission_ended,bridging,0,07:17:43
1324,16.6013,85,mission_ended,bridging,1,07:17:53
1325,-3.8726,45,fell,bridging,0,07:18:12
1326,16.7723,73,mission_ended,bridging,1,07:18:15
1327,-3.2113,84,mission_ended,bridging,0,07:18:44
1328,-4.2274,85,mission_ended,bridging,0,07:18:47
1329,-4.2345,85,mission_ended,bridging,0,07:19:15
1330,-4.0453,85,mission_ended,bridging,0,07:19:18
1331,-3.9879,85,mission_ended,bridging,0,07:19:47
1332,-3.9532,85,mission_ended,bridging,0,07:19:50
1333,-4.5135,85,mission_ended,bridging,0,07:20:19
1334,-3.6233,85,mission_ended,bridging,0,07:20:22
1335,-3.9678,84,mission_ended,bridging,0,07:20:51
1336,-4.6259,85,mission_ended,bridging,0,07:20:57
1337,-3.7783,75,mission_ended,bridging,0,07:21:22
1338,-4.6442,80,fell,bridging,0,07:21:28
1339,-3.9398,82,mission_ended,bridging,0,07:21:54
1340,-4.168,85,mission_ended,bridging,0,07:22:00
1341,-3.851,85,mission_ended,bridging,0,07:22:26
1342,-3.9392,85,mission_ended,bridging,0,07:22:32
1343,-3.5862,85,mission_ended,bridging,0,07:22:58
1344,-4.1878,85,mission_ended,bridging,0,07:23:04
1345,-4.5717,85,mission_ended,bridging,0,07:23:32
1346,-3.7733,75,mission_ended,bridging,0,07:23:35
1347,-3.3996,75,mission_ended,bridging,0,07:24:04
1348,-3.7283,75,mission_ended,bridging,0,07:24:07
1349,-4.1059,57,fell,bridging,0,07:24:29
1350,37.0488,79,mission_ended,bridging,2,07:24:42
1351,-4.2165,75,mission_ended,bridging,0,07:25:00
1352,17.2141,85,mission_ended,bridging,1,07:25:13
1353,-4.2388,85,mission_ended,bridging,0,07:25:32
1354,-4.0348,84,mission_ended,bridging,0,07:25:45
1355,-4.1952,69,fell,bridging,0,07:26:01
1356,-4.7508,79,mission_ended,bridging,0,07:26:17
1357,-3.895,85,mission_ended,bridging,0,07:26:33
1358,-4.0289,85,mission_ended,bridging,0,07:26:49
1359,-4.9976,23,fell,bridging,0,07:27:00
1360,36.8457,73,mission_ended,bridging,2,07:27:08
1361,-3.5522,75,mission_ended,bridging,0,07:27:32
1362,-4.6608,85,mission_ended,bridging,0,07:27:39
1363,-3.4489,85,mission_ended,bridging,0,07:28:04
1364,-4.4537,85,mission_ended,bridging,0,07:28:11
1365,-4.1225,85,mission_ended,bridging,0,07:28:35
1366,-3.926,85,mission_ended,bridging,0,07:28:43
1367,-3.8756,85,mission_ended,bridging,0,07:29:07
1368,-4.3048,85,mission_ended,bridging,0,07:29:15
1369,-4.4416,85,mission_ended,bridging,0,07:29:39
1370,16.4661,85,mission_ended,bridging,1,07:29:46
1371,-4.0682,85,mission_ended,bridging,0,07:30:11
1372,-3.4212,85,mission_ended,bridging,0,07:30:18
1373,-4.3397,75,mission_ended,bridging,0,07:30:42
1374,-3.7847,75,mission_ended,bridging,0,07:30:50
1375,-3.922,85,mission_ended,bridging,0,07:31:14
1376,-3.8964,85,mission_ended,bridging,0,07:31:22
1377,-3.8284,85,mission_ended,bridging,0,07:31:46
1378,-4.3231,85,mission_ended,bridging,0,07:31:53
1379,-4.2115,82,fell,bridging,0,07:32:17
1380,-4.0057,83,mission_ended,bridging,0,07:32:25
1381,15.7905,85,mission_ended,bridging,1,07:32:52
1382,-3.8643,76,mission_ended,bridging,0,07:33:00
1383,-4.7217,76,mission_ended,bridging,0,07:33:27
1384,-4.2712,75,mission_ended,bridging,0,07:33:31
1385,-4.2673,85,mission_ended,bridging,0,07:33:58
1386,-4.1961,85,mission_ended,bridging,0,07:34:03
1387,-4.249,84,mission_ended,bridging,0,07:34:30
