episode,reward,steps,outcome,env,timestamp
11901,-4.9496,10,fell,one_block_gap,16:33:01
11902,11.906,10,landed,one_block_gap,16:33:07
11903,11.957,10,landed,one_block_gap,16:33:14
11904,-4.7288,5,fell,one_block_gap,16:33:20
11905,12.2379,9,landed,one_block_gap,16:33:26
11906,-4.6269,7,fell,one_block_gap,16:33:33
11907,11.9143,10,landed,one_block_gap,16:33:38
11908,12.6906,13,landed,simple_jump,16:33:57
11909,12.4982,11,landed,simple_jump,16:34:03
11910,12.5433,11,landed,simple_jump,16:34:10
11911,12.0161,13,landed,diagonal_small,16:34:29
11912,12.1177,11,landed,diagonal_small,16:34:34
11913,12.0951,11,landed,diagonal_small,16:34:41
11914,12.1071,11,landed,diagonal_small,16:34:48
11915,12.0953,11,landed,diagonal_small,16:34:55
11916,-4.3938,8,fell,diagonal_small,16:35:02
11917,12.1053,11,landed,diagonal_small,16:35:10
11918,12.1008,11,landed,diagonal_small,16:35:17
11919,-4.3983,8,fell,diagonal_small,16:35:23
11920,12.1161,11,landed,diagonal_small,16:35:30
11921,-4.4193,11,fell,diagonal_medium,16:35:48
11922,-3.8767,9,fell,diagonal_medium,16:35:53
11923,12.7279,13,landed,diagonal_medium,16:35:59
11924,12.7703,12,landed,vertical_small,16:36:20
11925,12.7225,10,landed,vertical_small,16:36:25
11926,12.754,10,landed,vertical_small,16:36:32
11927,12.754,10,landed,vertical_small,16:36:39
11928,12.7567,10,landed,vertical_small,16:36:47
11929,12.7567,10,landed,vertical_small,16:36:54
11930,12.7567,10,landed,vertical_small,16:37:01
11931,12.8077,12,landed,vertical_small,16:37:08
11932,12.7008,10,landed,vertical_small,16:37:15
11933,12.7788,10,landed,vertical_small,16:37:22
11934,-4.0025,9,fell,three_block_gap,16:37:40
11935,-3.0102,8,fell,three_block_gap,16:37:45
11936,-3.7299,8,fell,three_block_gap,16:37:51
11937,13.196,12,landed,three_block_gap,16:37:57
11938,-3.6767,8,fell,three_block_gap,16:38:03
11939,12.8633,11,landed,three_block_gap,16:38:09
11940,12.8604,11,landed,three_block_gap,16:38:16
11941,-2.9313,8,fell,three_block_gap,16:38:23
11942,-2.9874,8,fell,three_block_gap,16:38:28
11943,-2.9031,8,fell,three_block_gap,16:38:33
11944,-2.9361,8,fell,three_block_gap,16:38:38
11945,-2.9164,8,fell,three_block_gap,16:38:44
11946,-4.1396,7,fell,three_block_gap,16:38:49
11947,-2.9362,8,fell,three_block_gap,16:38:55
11948,13.3204,12,landed,three_block_gap,16:39:01
11949,-4.0161,8,fell,three_block_gap,16:39:07
11950,-3.7657,8,fell,three_block_gap,16:39:13
11951,11.9227,10,landed,one_block_gap,16:39:35
11952,-4.7288,5,fell,one_block_gap,16:39:40
11953,12.2379,9,landed,one_block_gap,16:39:48
11954,-4.7288,5,fell,one_block_gap,16:39:52
11955,-4.7288,5,fell,one_block_gap,16:39:58
11956,-4.7569,7,fell,one_block_gap,16:40:04
11957,-4.6285,7,fell,one_block_gap,16:40:09
11958,-4.4965,7,fell,simple_jump,16:40:31
11959,12.3712,11,landed,simple_jump,16:40:37
11960,12.4132,11,landed,simple_jump,16:40:44
11961,12.1007,11,landed,diagonal_small,16:41:02
11962,-4.3966,8,fell,diagonal_small,16:41:07
11963,-4.5181,6,fell,diagonal_small,16:41:14
11964,-4.4711,7,fell,diagonal_small,16:41:19
11965,12.1007,11,landed,diagonal_small,16:41:25
11966,12.0788,12,landed,diagonal_small,16:41:33
11967,12.103,11,landed,diagonal_small,16:41:40
11968,12.1052,11,landed,diagonal_small,16:41:47
11969,12.1026,11,landed,diagonal_small,16:41:54
11970,12.0952,11,landed,diagonal_small,16:42:01
11971,12.7628,14,landed,diagonal_medium,16:42:20
11972,-4.4216,11,fell,diagonal_medium,16:42:25
11973,12.7789,13,landed,diagonal_medium,16:42:31
11974,12.6692,10,landed,vertical_small,16:42:49
11975,12.6984,10,landed,vertical_small,16:42:55
11976,-5.528,7,fell,vertical_small,16:43:01
11977,12.6481,10,landed,vertical_small,16:43:07
11978,12.8075,11,landed,vertical_small,16:43:14
11979,12.7772,10,landed,vertical_small,16:43:21
11980,12.7046,14,landed,vertical_small,16:43:30
11981,12.7539,10,landed,vertical_small,16:43:35
11982,12.7633,11,landed,vertical_small,16:43:42
11983,12.5298,11,landed,vertical_small,16:43:50
11984,-4.0214,9,fell,three_block_gap,16:44:09
11985,-3.6763,8,fell,three_block_gap,16:44:14
11986,-0.01,1,mission_ended,three_block_gap,16:44:24
11987,-2.9361,8,fell,three_block_gap,16:44:28
11988,12.8632,11,landed,three_block_gap,16:44:34
11989,-2.9185,8,fell,three_block_gap,16:44:40
11990,12.8604,11,landed,three_block_gap,16:44:46
11991,-2.9191,8,fell,three_block_gap,16:44:52
11992,-2.9855,8,fell,three_block_gap,16:44:58
11993,-3.7456,8,fell,three_block_gap,16:45:03
11994,12.8604,11,landed,three_block_gap,16:45:09
11995,12.8632,11,landed,three_block_gap,16:45:16
11996,-3.7285,8,fell,three_block_gap,16:45:22
11997,-2.9659,8,fell,three_block_gap,16:45:28
11998,-2.9654,8,fell,three_block_gap,16:45:33
11999,-2.9362,8,fell,three_block_gap,16:45:38
12000,-4.1652,6,fell,three_block_gap,16:45:43
12001,-4.631,9,fell,one_block_gap,16:46:01
12002,11.9234,10,landed,one_block_gap,16:46:07
12003,-4.7288,5,fell,one_block_gap,16:46:13
12004,11.9142,10,landed,one_block_gap,16:46:19
12005,11.957,10,landed,one_block_gap,16:46:26
12006,12.2379,9,landed,one_block_gap,16:46:33
12007,11.906,10,landed,one_block_gap,16:46:40
12008,12.6611,12,landed,simple_jump,16:46:59
12009,-4.8795,3,fell,simple_jump,16:47:04
12010,-4.6702,6,fell,simple_jump,16:47:09
12011,-4.5293,8,fell,diagonal_small,16:47:28
12012,12.1018,11,landed,diagonal_small,16:47:34
12013,-4.4812,7,fell,diagonal_small,16:47:40
12014,12.0953,11,landed,diagonal_small,16:47:47
12015,-4.5125,6,fell,diagonal_small,16:47:53
12016,12.1143,11,landed,diagonal_small,16:47:58
12017,12.116,11,landed,diagonal_small,16:48:06
12018,12.1064,11,landed,diagonal_small,16:48:13
12019,12.1972,11,landed,diagonal_small,16:48:20
12020,12.116,11,landed,diagonal_small,16:48:27
12021,12.3847,13,landed,diagonal_medium,16:48:45
12022,-4.1166,7,fell,diagonal_medium,16:48:50
12023,12.7805,13,landed,diagonal_medium,16:48:56
12024,12.6659,10,landed,vertical_small,16:49:14
12025,12.7609,10,landed,vertical_small,16:49:20
12026,12.6671,9,landed,vertical_small,16:49:27
12027,-2.1949,12,fell,vertical_small,16:49:35
12028,-2.2229,10,fell,vertical_small,16:49:41
12029,-5.5455,7,fell,vertical_small,16:49:48
12030,12.7187,10,landed,vertical_small,16:49:53
12031,12.7609,10,landed,vertical_small,16:50:00
12032,-5.5467,8,fell,vertical_small,16:50:07
12033,-3.9622,6,fell,vertical_small,16:50:12
12034,-4.0016,9,fell,three_block_gap,16:50:30
12035,-2.9363,8,fell,three_block_gap,16:50:36
12036,12.8632,11,landed,three_block_gap,16:50:41
12037,12.8604,11,landed,three_block_gap,16:50:48
12038,-2.9102,8,fell,three_block_gap,16:50:55
12039,-4.2903,6,fell,three_block_gap,16:51:00
12040,-2.948,8,fell,three_block_gap,16:51:05
12041,-2.9643,8,fell,three_block_gap,16:51:10
12042,-1.9303,8,fell,three_block_gap,16:51:16
12043,-2.9204,8,fell,three_block_gap,16:51:21
12044,12.8632,11,landed,three_block_gap,16:51:27
12045,-2.9646,8,fell,three_block_gap,16:51:33
12046,-2.9205,8,fell,three_block_gap,16:51:39
12047,-3.1921,7,fell,three_block_gap,16:51:44
12048,-2.9315,8,fell,three_block_gap,16:51:49
12049,-1.9079,9,fell,three_block_gap,16:51:54
12050,-3.7288,8,fell,three_block_gap,16:52:00
12051,11.9227,10,landed,one_block_gap,16:52:22
12052,-4.6198,8,fell,one_block_gap,16:52:27
12053,-5.3978,15,fell,one_block_gap,16:52:34
12054,12.2379,9,landed,one_block_gap,16:52:39
12055,-4.8799,7,fell,one_block_gap,16:52:46
12056,-4.5425,7,fell,one_block_gap,16:52:51
12057,-3.8765,7,fell,one_block_gap,16:52:58
12058,12.6603,12,landed,simple_jump,16:53:16
12059,12.8805,12,landed,simple_jump,16:53:22
12060,-4.6702,6,fell,simple_jump,16:53:28
12061,12.041,12,landed,diagonal_small,16:53:46
12062,-4.316,9,fell,diagonal_small,16:53:52
12063,-4.3437,6,fell,diagonal_small,16:53:57
12064,12.2049,11,landed,diagonal_small,16:54:03
12065,12.2047,11,landed,diagonal_small,16:54:11
12066,12.1052,11,landed,diagonal_small,16:54:17
12067,-4.3938,8,fell,diagonal_small,16:54:24
12068,12.1051,11,landed,diagonal_small,16:54:31
12069,-4.3064,7,fell,diagonal_small,16:54:38
12070,12.0952,11,landed,diagonal_small,16:54:44
12071,-4.4489,7,fell,diagonal_medium,16:55:01
12072,-4.4507,6,fell,diagonal_medium,16:55:06
12073,12.6132,13,landed,diagonal_medium,16:55:13
12074,12.7921,12,landed,vertical_small,16:55:31
12075,12.8042,12,landed,vertical_small,16:55:37
12076,-5.5359,6,fell,vertical_small,16:55:43
12077,12.7788,10,landed,vertical_small,16:55:49
12078,12.7772,10,landed,vertical_small,16:55:56
12079,12.6984,10,landed,vertical_small,16:56:03
12080,12.8046,12,landed,vertical_small,16:56:10
12081,-2.6923,11,fell,vertical_small,16:56:17
12082,12.7268,10,landed,vertical_small,16:56:24
12083,-5.5374,6,fell,vertical_small,16:56:30
12084,-4.0026,9,fell,three_block_gap,16:56:48
12085,-2.8811,8,fell,three_block_gap,16:56:54
12086,12.7338,11,landed,three_block_gap,16:57:00
12087,12.8604,11,landed,three_block_gap,16:57:07
12088,-3.158,9,fell,three_block_gap,16:57:13
12089,12.7338,11,landed,three_block_gap,16:57:21
12090,12.8604,11,landed,three_block_gap,16:57:28
12091,12.8604,11,landed,three_block_gap,16:57:35
12092,-3.0131,8,fell,three_block_gap,16:57:42
12093,-2.9141,8,fell,three_block_gap,16:57:47
12094,-3.004,8,fell,three_block_gap,16:57:52
12095,12.8632,11,landed,three_block_gap,16:57:58
12096,-2.9313,8,fell,three_block_gap,16:58:04
12097,-2.9366,8,fell,three_block_gap,16:58:10
12098,-2.8392,8,fell,three_block_gap,16:58:15
12099,-2.9366,8,fell,three_block_gap,16:58:20
12100,-2.9138,8,fell,three_block_gap,16:58:25
12101,-4.6271,7,fell,one_block_gap,16:58:46
12102,11.906,10,landed,one_block_gap,16:58:52
12103,12.2379,9,landed,one_block_gap,16:58:59
12104,12.0235,10,landed,one_block_gap,16:59:06
12105,12.2244,9,landed,one_block_gap,16:59:13
12106,-4.5849,7,fell,one_block_gap,16:59:20
12107,2.2411,30,near_miss,one_block_gap,16:59:31
12108,12.6611,12,landed,simple_jump,16:59:49
12109,-4.6702,6,fell,simple_jump,16:59:54
12110,12.8805,12,landed,simple_jump,17:00:00
12111,-4.5338,8,fell,diagonal_small,17:00:18
12112,12.1161,11,landed,diagonal_small,17:00:24
12113,12.1041,11,landed,diagonal_small,17:00:31
12114,-3.9812,8,fell,diagonal_small,17:00:38
12115,12.1158,11,landed,diagonal_small,17:00:44
12116,12.1158,11,landed,diagonal_small,17:00:51
12117,12.1157,11,landed,diagonal_small,17:00:59
12118,12.0951,11,landed,diagonal_small,17:01:05
12119,12.1975,11,landed,diagonal_small,17:01:12
12120,12.1051,11,landed,diagonal_small,17:01:19
12121,-4.4514,7,fell,diagonal_medium,17:01:37
12122,-4.3704,9,fell,diagonal_medium,17:01:42
12123,12.7805,13,landed,diagonal_medium,17:01:50
12124,12.6692,10,landed,vertical_small,17:02:08
12125,-3.9622,6,fell,vertical_small,17:02:13
12126,-3.4622,7,fell,vertical_small,17:02:21
12127,12.8049,12,landed,vertical_small,17:02:29
12128,-5.528,7,fell,vertical_small,17:02:35
12129,12.6504,10,landed,vertical_small,17:02:40
12130,12.5171,9,landed,vertical_small,17:02:47
12131,-3.9622,6,fell,vertical_small,17:02:54
12132,12.7068,10,landed,vertical_small,17:03:02
12133,12.7788,10,landed,vertical_small,17:03:09
12134,-4.0026,9,fell,three_block_gap,17:03:27
12135,-3.7469,8,fell,three_block_gap,17:03:32
12136,-3.7933,8,fell,three_block_gap,17:03:37
12137,-2.9292,8,fell,three_block_gap,17:03:43
12138,-2.9168,8,fell,three_block_gap,17:03:48
12139,-3.7288,8,fell,three_block_gap,17:03:53
12140,12.7338,11,landed,three_block_gap,17:03:59
12141,12.8632,11,landed,three_block_gap,17:04:06
12142,12.8632,11,landed,three_block_gap,17:04:13
12143,-2.9218,8,fell,three_block_gap,17:04:20
12144,-2.9218,8,fell,three_block_gap,17:04:25
12145,-3.0102,8,fell,three_block_gap,17:04:30
12146,-2.9188,8,fell,three_block_gap,17:04:36
12147,12.8604,11,landed,three_block_gap,17:04:41
12148,-2.916,8,fell,three_block_gap,17:04:48
12149,-2.9363,8,fell,three_block_gap,17:04:53
12150,-2.9348,8,fell,three_block_gap,17:04:58
12151,11.9227,10,landed,one_block_gap,17:05:18
12152,-4.4448,8,fell,one_block_gap,17:05:24
12153,-4.6218,8,fell,one_block_gap,17:05:29
12154,12.2379,9,landed,one_block_gap,17:05:35
12155,-4.8835,27,fell,one_block_gap,17:05:45
12156,-4.7288,5,fell,one_block_gap,17:05:48
12157,11.9292,10,landed,one_block_gap,17:05:54
12158,12.6611,12,landed,simple_jump,17:06:13
12159,-4.6702,6,fell,simple_jump,17:06:18
12160,12.8805,12,landed,simple_jump,17:06:24
12161,12.0297,12,landed,diagonal_small,17:06:42
12162,12.1158,11,landed,diagonal_small,17:06:48
12163,12.1026,11,landed,diagonal_small,17:06:55
12164,12.1052,11,landed,diagonal_small,17:07:02
12165,12.1157,11,landed,diagonal_small,17:07:09
12166,12.2049,11,landed,diagonal_small,17:07:17
12167,12.1026,11,landed,diagonal_small,17:07:24
12168,12.1157,11,landed,diagonal_small,17:07:31
12169,-4.4489,7,fell,diagonal_small,17:07:37
12170,-4.5171,6,fell,diagonal_small,17:07:43
12171,-4.5649,8,fell,diagonal_medium,17:08:01
12172,12.7821,13,landed,diagonal_medium,17:08:07
12173,12.7464,13,landed,diagonal_medium,17:08:14
12174,12.6692,10,landed,vertical_small,17:08:32
12175,12.7761,10,landed,vertical_small,17:08:38
12176,12.7567,10,landed,vertical_small,17:08:45
12177,12.727,10,landed,vertical_small,17:08:52
12178,12.7609,10,landed,vertical_small,17:08:59
12179,12.7255,10,landed,vertical_small,17:09:06
12180,12.727,10,landed,vertical_small,17:09:13
12181,12.7609,10,landed,vertical_small,17:09:21
12182,-3.7228,7,fell,vertical_small,17:09:27
12183,-5.0667,5,fell,vertical_small,17:09:33
12184,-4.0062,10,fell,three_block_gap,17:09:52
12185,-3.8057,8,fell,three_block_gap,17:09:57
12186,-2.9207,8,fell,three_block_gap,17:10:03
12187,-2.7272,8,fell,three_block_gap,17:10:08
12188,-2.8366,8,fell,three_block_gap,17:10:13
12189,-3.8377,8,fell,three_block_gap,17:10:19
12190,-2.9575,8,fell,three_block_gap,17:10:24
12191,-2.9174,8,fell,three_block_gap,17:10:29
12192,-2.8223,8,fell,three_block_gap,17:10:34
12193,-3.6763,8,fell,three_block_gap,17:10:40
12194,-2.7438,5,fell,three_block_gap,17:10:45
12195,13.2016,12,landed,three_block_gap,17:10:51
12196,-2.9188,8,fell,three_block_gap,17:10:57
12197,-3.6191,8,fell,three_block_gap,17:11:03
12198,-2.9195,8,fell,three_block_gap,17:11:10
12199,-3.6763,8,fell,three_block_gap,17:11:15
12200,-4.061,6,fell,three_block_gap,17:11:20
12201,-4.1944,6,fell,one_block_gap,17:11:38
12202,-4.536,7,fell,one_block_gap,17:11:44
12203,12.2486,11,landed,one_block_gap,17:11:52
12204,11.9143,10,landed,one_block_gap,17:11:59
12205,11.9636,10,landed,one_block_gap,17:12:06
12206,-4.8689,6,fell,one_block_gap,17:12:12
12207,-3.8765,7,fell,one_block_gap,17:12:17
12208,-4.4765,9,fell,simple_jump,17:12:35
12209,12.8603,12,landed,simple_jump,17:12:41
12210,12.4151,11,landed,simple_jump,17:12:48
12211,-4.3531,7,fell,diagonal_small,17:13:06
12212,12.3166,11,landed,diagonal_small,17:13:12
12213,-4.5089,6,fell,diagonal_small,17:13:18
12214,-4.3828,8,fell,diagonal_small,17:13:23
12215,12.0069,12,landed,diagonal_small,17:13:31
12216,-4.3423,6,fell,diagonal_small,17:13:37
12217,-4.5295,6,fell,diagonal_small,17:13:43
12218,12.1226,11,landed,diagonal_small,17:13:48
12219,12.1996,11,landed,diagonal_small,17:13:55
12220,11.9678,12,landed,diagonal_small,17:14:03
12221,12.5577,14,landed,diagonal_medium,17:14:21
12222,12.9387,13,landed,diagonal_medium,17:14:27
12223,-4.2937,8,fell,diagonal_medium,17:14:33
12224,-5.5467,7,fell,vertical_small,17:14:55
12225,-5.8219,6,fell,vertical_small,17:15:00
12226,12.7089,10,landed,vertical_small,17:15:06
12227,-3.6867,7,fell,vertical_small,17:15:12
12228,12.6488,10,landed,vertical_small,17:15:21
12229,-3.9829,6,fell,vertical_small,17:15:27
12230,12.7788,10,landed,vertical_small,17:15:33
12231,-5.538,8,fell,vertical_small,17:15:40
12232,12.8066,11,landed,vertical_small,17:15:46
12233,-4.1958,6,fell,vertical_small,17:15:52
12234,-2.9518,9,fell,three_block_gap,17:16:11
12235,-3.05,8,fell,three_block_gap,17:16:16
12236,-2.9033,8,fell,three_block_gap,17:16:22
12237,-2.769,8,fell,three_block_gap,17:16:27
12238,-4.0981,8,fell,three_block_gap,17:16:32
12239,-3.3088,8,fell,three_block_gap,17:16:39
12240,-3.7495,8,fell,three_block_gap,17:16:45
12241,-2.9166,8,fell,three_block_gap,17:16:50
12242,-2.8239,8,fell,three_block_gap,17:16:55
12243,-3.9861,8,fell,three_block_gap,17:17:01
12244,-3.6776,8,fell,three_block_gap,17:17:06
12245,-2.9027,8,fell,three_block_gap,17:17:11
12246,13.2003,12,landed,three_block_gap,17:17:18
12247,-2.7637,8,fell,three_block_gap,17:17:24
12248,-2.8025,8,fell,three_block_gap,17:17:29
12249,-3.4973,6,fell,three_block_gap,17:17:34
12250,-4.3196,6,fell,three_block_gap,17:17:39
12251,11.909,11,landed,one_block_gap,17:17:57
12252,11.9061,10,landed,one_block_gap,17:18:03
12253,-4.6224,7,fell,one_block_gap,17:18:10
12254,-4.6268,7,fell,one_block_gap,17:18:15
12255,-4.8889,8,fell,one_block_gap,17:18:20
12256,-4.349,7,fell,one_block_gap,17:18:25
12257,-4.5334,8,fell,one_block_gap,17:18:31
12258,12.6611,12,landed,simple_jump,17:18:53
12259,12.3102,11,landed,simple_jump,17:18:59
12260,12.473,13,landed,simple_jump,17:19:07
12261,-4.6498,7,fell,diagonal_small,17:19:25
12262,-3.6648,8,fell,diagonal_small,17:19:30
12263,12.1222,11,landed,diagonal_small,17:19:38
12264,12.1178,11,landed,diagonal_small,17:19:45
12265,12.1839,11,landed,diagonal_small,17:19:52
12266,12.1223,11,landed,diagonal_small,17:19:59
12267,11.999,12,landed,diagonal_small,17:20:06
12268,12.1176,11,landed,diagonal_small,17:20:13
12269,11.998,12,landed,diagonal_small,17:20:21
12270,12.207,11,landed,diagonal_small,17:20:28
12271,12.7454,14,landed,diagonal_medium,17:20:47
12272,-4.4821,6,fell,diagonal_medium,17:20:51
12273,12.5708,13,landed,diagonal_medium,17:20:57
12274,-5.5486,7,fell,vertical_small,17:21:15
12275,-3.4829,7,fell,vertical_small,17:21:20
12276,-5.2886,6,fell,vertical_small,17:21:27
12277,12.8042,10,landed,vertical_small,17:21:33
12278,-3.8329,6,fell,vertical_small,17:21:39
12279,12.7577,10,landed,vertical_small,17:21:46
12280,-5.8221,6,fell,vertical_small,17:21:52
12281,12.727,10,landed,vertical_small,17:21:58
12282,-4.1974,6,fell,vertical_small,17:22:04
12283,-3.7256,7,fell,vertical_small,17:22:12
12284,-3.2374,9,fell,three_block_gap,17:22:29
12285,-4.3054,6,fell,three_block_gap,17:22:34
12286,-3.6763,8,fell,three_block_gap,17:22:40
12287,-3.6083,8,fell,three_block_gap,17:22:46
12288,-3.5848,8,fell,three_block_gap,17:22:51
12289,-1.9577,8,fell,three_block_gap,17:22:56
12290,-2.9237,8,fell,three_block_gap,17:23:02
12291,12.7338,11,landed,three_block_gap,17:23:08
12292,-2.9053,8,fell,three_block_gap,17:23:14
12293,-2.9179,8,fell,three_block_gap,17:23:20
12294,-1.7785,8,fell,three_block_gap,17:23:25
12295,-2.9171,8,fell,three_block_gap,17:23:30
12296,-3.1647,8,fell,three_block_gap,17:23:36
12297,-3.2213,8,fell,three_block_gap,17:23:41
12298,-3.4145,6,fell,three_block_gap,17:23:46
12299,-3.8638,8,fell,three_block_gap,17:23:51
12300,-3.6279,8,fell,three_block_gap,17:23:57
12301,-3.067,12,fell,one_block_gap,17:24:19
12302,11.8813,10,landed,one_block_gap,17:24:25
12303,11.9166,10,landed,one_block_gap,17:24:32
12304,12.3133,9,landed,one_block_gap,17:24:39
12305,-4.6159,6,fell,one_block_gap,17:24:45
12306,11.957,10,landed,one_block_gap,17:24:51
12307,11.957,10,landed,one_block_gap,17:24:58
12308,-4.1667,9,fell,simple_jump,17:25:17
12309,-3.9407,8,fell,simple_jump,17:25:22
12310,-3.1686,5,fell,simple_jump,17:25:27
12311,-3.1763,10,fell,diagonal_small,17:25:46
12312,12.2063,11,landed,diagonal_small,17:25:52
12313,12.207,11,landed,diagonal_small,17:25:59
12314,12.1204,11,landed,diagonal_small,17:26:06
12315,12.1221,11,landed,diagonal_small,17:26:13
12316,12.0617,11,landed,diagonal_small,17:26:20
12317,12.1136,11,landed,diagonal_small,17:26:27
12318,12.0025,12,landed,diagonal_small,17:26:35
12319,12.0617,11,landed,diagonal_small,17:26:42
12320,12.2063,11,landed,diagonal_small,17:26:49
12321,-2.921,8,fell,diagonal_medium,17:27:06
12322,12.6077,13,landed,diagonal_medium,17:27:13
12323,12.6273,13,landed,diagonal_medium,17:27:20
12324,-5.0767,6,fell,vertical_small,17:27:37
12325,12.7772,10,landed,vertical_small,17:27:43
12326,12.7674,11,landed,vertical_small,17:27:50
12327,12.7059,10,landed,vertical_small,17:27:57
12328,-5.2886,6,fell,vertical_small,17:28:04
12329,-3.8329,6,fell,vertical_small,17:28:09
12330,-3.9829,6,fell,vertical_small,17:28:15
12331,-5.0667,5,fell,vertical_small,17:28:22
12332,-3.7393,7,fell,vertical_small,17:28:27
12333,-5.2886,6,fell,vertical_small,17:28:33
12334,-3.9998,9,fell,three_block_gap,17:28:50
12335,12.7323,11,landed,three_block_gap,17:28:56
12336,-3.507,6,fell,three_block_gap,17:29:03
12337,-2.9436,8,fell,three_block_gap,17:29:08
12338,-2.9208,8,fell,three_block_gap,17:29:14
12339,-3.2273,8,fell,three_block_gap,17:29:19
12340,-2.9423,8,fell,three_block_gap,17:29:24
12341,-3.4457,9,fell,three_block_gap,17:29:30
12342,-1.9463,8,fell,three_block_gap,17:29:37
12343,-1.7507,8,fell,three_block_gap,17:29:42
12344,-3.6763,8,fell,three_block_gap,17:29:47
12345,-4.8693,3,fell,three_block_gap,17:29:53
12346,-3.7721,8,fell,three_block_gap,17:29:57
12347,-3.6763,8,fell,three_block_gap,17:30:03
12348,-2.9128,8,fell,three_block_gap,17:30:08
12349,-2.7165,8,fell,three_block_gap,17:30:13
12350,-3.4236,6,fell,three_block_gap,17:30:18
12351,11.973,10,landed,one_block_gap,17:30:36
12352,11.9636,10,landed,one_block_gap,17:30:42
12353,11.9043,11,landed,one_block_gap,17:30:50
12354,-4.6169,6,fell,one_block_gap,17:30:56
12355,-4.8689,6,fell,one_block_gap,17:31:01
12356,12.2244,9,landed,one_block_gap,17:31:06
12357,12.2244,9,landed,one_block_gap,17:31:13
12358,-3.1341,6,fell,simple_jump,17:31:31
12359,-4.656,6,fell,simple_jump,17:31:37
12360,12.4151,11,landed,simple_jump,17:31:43
12361,-4.5482,7,fell,diagonal_small,17:32:02
12362,-4.5093,6,fell,diagonal_small,17:32:07
12363,-4.5533,6,fell,diagonal_small,17:32:12
12364,12.2063,11,landed,diagonal_small,17:32:18
12365,12.006,12,landed,diagonal_small,17:32:25
12366,12.1136,11,landed,diagonal_small,17:32:32
12367,12.1839,11,landed,diagonal_small,17:32:39
12368,12.1221,11,landed,diagonal_small,17:32:46
12369,12.207,11,landed,diagonal_small,17:32:53
12370,11.9875,12,landed,diagonal_small,17:33:01
12371,12.9952,15,landed,diagonal_medium,17:33:19
12372,-4.2124,9,fell,diagonal_medium,17:33:24
12373,12.5992,13,landed,diagonal_medium,17:33:31
12374,12.7851,11,landed,vertical_small,17:33:50
12375,12.6983,11,landed,vertical_small,17:33:56
12376,12.7874,11,landed,vertical_small,17:34:03
12377,-3.9655,8,fell,vertical_small,17:34:10
12378,-5.2886,6,fell,vertical_small,17:34:16
12379,12.8026,10,landed,vertical_small,17:34:22
12380,12.6488,10,landed,vertical_small,17:34:29
12381,-3.8329,6,fell,vertical_small,17:34:35
12382,-3.3329,7,fell,vertical_small,17:34:42
12383,-5.8178,6,fell,vertical_small,17:34:48
12384,-4.181,9,fell,three_block_gap,17:35:06
12385,-3.0421,8,fell,three_block_gap,17:35:12
12386,-3.6776,8,fell,three_block_gap,17:35:17
12387,-3.0927,8,fell,three_block_gap,17:35:22
12388,-2.9448,8,fell,three_block_gap,17:35:28
12389,-2.7504,8,fell,three_block_gap,17:35:33
12390,-2.9166,8,fell,three_block_gap,17:35:38
12391,-2.921,8,fell,three_block_gap,17:35:44
12392,-2.7615,8,fell,three_block_gap,17:35:49
12393,-3.088,8,fell,three_block_gap,17:35:54
12394,-1.628,12,fell,three_block_gap,17:36:00
12395,-3.0302,8,fell,three_block_gap,17:36:06
12396,-2.9499,8,fell,three_block_gap,17:36:11
12397,12.7338,11,landed,three_block_gap,17:36:17
12398,-4.0061,10,fell,three_block_gap,17:36:24
12399,-2.769,8,fell,three_block_gap,17:36:29
12400,-2.7271,8,fell,three_block_gap,17:36:35
12401,11.8642,11,landed,one_block_gap,17:36:57
12402,12.2244,9,landed,one_block_gap,17:37:02
12403,-4.8236,3,fell,one_block_gap,17:37:10
12404,-4.536,7,fell,one_block_gap,17:37:14
12405,11.9356,10,landed,one_block_gap,17:37:22
12406,11.93,11,landed,one_block_gap,17:37:29
12407,11.957,10,landed,one_block_gap,17:37:36
12408,12.6446,12,landed,simple_jump,17:37:55
12409,-4.1745,7,fell,simple_jump,17:38:00
12410,12.4144,11,landed,simple_jump,17:38:07
12411,-3.0049,13,fell,diagonal_small,17:38:26
12412,-4.4638,8,fell,diagonal_small,17:38:31
12413,-3.5793,8,fell,diagonal_small,17:38:38
12414,-4.3821,8,fell,diagonal_small,17:38:45
12415,-4.3581,6,fell,diagonal_small,17:38:50
12416,12.1113,11,landed,diagonal_small,17:38:56
12417,-3.9957,8,fell,diagonal_small,17:39:03
12418,12.2054,11,landed,diagonal_small,17:39:09
12419,12.1221,11,landed,diagonal_small,17:39:16
12420,12.1176,11,landed,diagonal_small,17:39:23
12421,-4.4593,7,fell,diagonal_medium,17:39:41
12422,-4.3993,6,fell,diagonal_medium,17:39:46
12423,12.5932,13,landed,diagonal_medium,17:39:52
12424,12.676,11,landed,vertical_small,17:40:11
12425,12.7788,10,landed,vertical_small,17:40:16
12426,2.4922,30,near_miss,vertical_small,17:40:27
12427,-4.1696,6,fell,vertical_small,17:40:30
12428,12.7252,10,landed,vertical_small,17:40:36
12429,12.6671,9,landed,vertical_small,17:40:43
12430,-3.8329,6,fell,vertical_small,17:40:50
12431,12.5171,9,landed,vertical_small,17:40:56
12432,12.7714,10,landed,vertical_small,17:41:03
12433,12.7771,10,landed,vertical_small,17:41:10
12434,-3.4882,7,fell,three_block_gap,17:41:28
12435,-3.7186,8,fell,three_block_gap,17:41:34
12436,-3.9861,8,fell,three_block_gap,17:41:39
12437,-1.9362,8,fell,three_block_gap,17:41:45
12438,-2.5875,6,fell,three_block_gap,17:41:50
12439,-3.2278,8,fell,three_block_gap,17:41:55
12440,-2.9573,8,fell,three_block_gap,17:42:00
12441,-4.2206,6,fell,three_block_gap,17:42:05
12442,-3.5848,8,fell,three_block_gap,17:42:10
12443,-2.7628,8,fell,three_block_gap,17:42:16
12444,-4.2886,6,fell,three_block_gap,17:42:21
12445,-3.6763,8,fell,three_block_gap,17:42:26
12446,-2.7272,8,fell,three_block_gap,17:42:31
12447,-2.9166,8,fell,three_block_gap,17:42:37
12448,-2.8721,8,fell,three_block_gap,17:42:42
12449,-4.0626,8,fell,three_block_gap,17:42:47
12450,13.3854,12,landed,three_block_gap,17:42:53
12451,11.9274,11,landed,one_block_gap,17:43:11
12452,11.9143,10,landed,one_block_gap,17:43:17
12453,-3.8765,7,fell,one_block_gap,17:43:24
12454,11.9061,10,landed,one_block_gap,17:43:31
12455,11.916,10,landed,one_block_gap,17:43:39
12456,11.916,10,landed,one_block_gap,17:43:46
12457,-3.8765,7,fell,one_block_gap,17:43:52
12458,-4.4743,7,fell,simple_jump,17:44:10
12459,12.3578,11,landed,simple_jump,17:44:17
12460,-3.1934,6,fell,simple_jump,17:44:22
12461,-4.5201,7,fell,diagonal_small,17:44:40
12462,12.1161,11,landed,diagonal_small,17:44:46
12463,-3.7951,9,fell,diagonal_small,17:44:53
12464,12.199,11,landed,diagonal_small,17:45:01
12465,-4.3339,7,fell,diagonal_small,17:45:07
12466,12.1178,11,landed,diagonal_small,17:45:13
12467,-4.3522,6,fell,diagonal_small,17:45:19
12468,12.1134,11,landed,diagonal_small,17:45:25
12469,12.1931,11,landed,diagonal_small,17:45:32
12470,12.1974,11,landed,diagonal_small,17:45:39
12471,-4.4489,7,fell,diagonal_medium,17:45:57
12472,-4.4549,6,fell,diagonal_medium,17:46:02
12473,12.6091,13,landed,diagonal_medium,17:46:08
12474,12.7583,11,landed,vertical_small,17:46:26
12475,12.7207,10,landed,vertical_small,17:46:32
12476,12.7052,10,landed,vertical_small,17:46:40
12477,12.7187,10,landed,vertical_small,17:46:47
12478,12.6488,10,landed,vertical_small,17:46:54
12479,-3.9829,6,fell,vertical_small,17:47:00
12480,2.5765,30,near_miss,vertical_small,17:47:12
12481,12.6431,9,landed,vertical_small,17:47:15
12482,-3.9622,6,fell,vertical_small,17:47:22
12483,12.3133,9,landed,vertical_small,17:47:30
12484,-4.003,9,fell,three_block_gap,17:47:51
12485,12.7323,11,landed,three_block_gap,17:47:57
12486,-2.0718,8,fell,three_block_gap,17:48:04
12487,-2.9013,8,fell,three_block_gap,17:48:09
12488,-3.6762,8,fell,three_block_gap,17:48:14
12489,-4.0528,8,fell,three_block_gap,17:48:20
12490,13.375,12,landed,three_block_gap,17:48:26
12491,-2.9171,8,fell,three_block_gap,17:48:32
12492,12.8632,11,landed,three_block_gap,17:48:38
12493,-1.932,8,fell,three_block_gap,17:48:45
12494,-3.0538,8,fell,three_block_gap,17:48:50
12495,-3.68,8,fell,three_block_gap,17:48:55
12496,-2.9144,8,fell,three_block_gap,17:49:01
12497,-2.7271,8,fell,three_block_gap,17:49:06
12498,-3.7465,8,fell,three_block_gap,17:49:11
12499,-3.2541,6,fell,three_block_gap,17:49:16
12500,-3.0151,8,fell,three_block_gap,17:49:22
12501,-4.8789,7,fell,one_block_gap,17:49:44
12502,1.943,30,near_miss,one_block_gap,17:49:53
12503,-4.618,6,fell,one_block_gap,17:49:56
12504,11.9234,10,landed,one_block_gap,17:50:02
12505,-5.036,6,fell,one_block_gap,17:50:08
12506,11.8813,10,landed,one_block_gap,17:50:15
12507,11.957,10,landed,one_block_gap,17:50:22
12508,12.6602,12,landed,simple_jump,17:50:41
12509,12.8909,12,landed,simple_jump,17:50:46
12510,12.4263,11,landed,simple_jump,17:50:53
12511,-5.0369,9,fell,diagonal_small,17:51:12
12512,-5.0857,2,fell,diagonal_small,17:51:18
12513,12.1158,11,landed,diagonal_small,17:51:23
12514,12.0617,11,landed,diagonal_small,17:51:30
12515,12.1222,11,landed,diagonal_small,17:51:38
12516,12.1715,11,landed,diagonal_small,17:51:45
12517,-4.4028,6,fell,diagonal_small,17:51:51
12518,12.0973,11,landed,diagonal_small,17:51:57
12519,12.0617,11,landed,diagonal_small,17:52:04
12520,12.1161,11,landed,diagonal_small,17:52:11
12521,-3.9541,7,fell,diagonal_medium,17:52:29
12522,12.7576,13,landed,diagonal_medium,17:52:35
12523,-4.0848,6,fell,diagonal_medium,17:52:42
12524,12.6673,10,landed,vertical_small,17:53:00
12525,12.7788,10,landed,vertical_small,17:53:06
12526,-3.4829,7,fell,vertical_small,17:53:12
12527,-5.2886,6,fell,vertical_small,17:53:19
12528,12.6992,10,landed,vertical_small,17:53:25
12529,-5.8218,6,fell,vertical_small,17:53:32
12530,12.8026,10,landed,vertical_small,17:53:37
12531,12.7646,11,landed,vertical_small,17:53:45
12532,-3.4829,7,fell,vertical_small,17:53:51
12533,12.6488,10,landed,vertical_small,17:53:59
12534,-4.0031,9,fell,three_block_gap,17:54:18
12535,-3.3329,7,fell,three_block_gap,17:54:23
12536,-2.0674,8,fell,three_block_gap,17:54:28
12537,-2.9037,8,fell,three_block_gap,17:54:33
12538,-1.932,8,fell,three_block_gap,17:54:39
12539,-2.2472,8,fell,three_block_gap,17:54:44
12540,-3.3551,6,fell,three_block_gap,17:54:49
12541,-2.7871,8,fell,three_block_gap,17:54:55
12542,-3.2895,8,fell,three_block_gap,17:55:00
12543,-3.8654,8,fell,three_block_gap,17:55:05
12544,-3.8421,8,fell,three_block_gap,17:55:10
12545,-4.3067,6,fell,three_block_gap,17:55:15
12546,-4.0331,8,fell,three_block_gap,17:55:21
12547,-2.7226,5,fell,three_block_gap,17:55:25
12548,-2.8653,8,fell,three_block_gap,17:55:31
12549,-3.1275,8,fell,three_block_gap,17:55:36
12550,-4.2652,6,fell,three_block_gap,17:55:41
12551,-4.6269,7,fell,one_block_gap,17:55:59
12552,-2.9767,10,fell,one_block_gap,17:56:05
12553,12.0148,10,landed,one_block_gap,17:56:12
12554,-4.4401,7,fell,one_block_gap,17:56:19
12555,12.3782,9,landed,one_block_gap,17:56:25
12556,-4.1944,6,fell,one_block_gap,17:56:31
12557,11.9636,10,landed,one_block_gap,17:56:37
12558,-4.4667,7,fell,simple_jump,17:56:55
12559,-4.4782,6,fell,simple_jump,17:57:00
12560,12.3102,11,landed,simple_jump,17:57:06
12561,12.0379,12,landed,diagonal_small,17:57:25
12562,-4.4957,8,fell,diagonal_small,17:57:30
12563,-4.4512,8,fell,diagonal_small,17:57:36
12564,-4.3431,7,fell,diagonal_small,17:57:42
12565,-4.4178,6,fell,diagonal_small,17:57:47
12566,12.1178,11,landed,diagonal_small,17:57:53
12567,12.1145,11,landed,diagonal_small,17:58:00
12568,12.1997,11,landed,diagonal_small,17:58:07
12569,-4.3882,6,fell,diagonal_small,17:58:13
12570,12.0617,11,landed,diagonal_small,17:58:19
12571,12.3847,13,landed,diagonal_medium,17:58:38
12572,-4.5237,7,fell,diagonal_medium,17:58:44
12573,12.6219,13,landed,diagonal_medium,17:58:50
12574,12.6665,10,landed,vertical_small,17:59:08
12575,12.5171,9,landed,vertical_small,17:59:14
12576,12.7268,10,landed,vertical_small,17:59:21
12577,12.6504,10,landed,vertical_small,17:59:28
12578,-5.5373,6,fell,vertical_small,17:59:34
12579,-4.2212,6,fell,vertical_small,17:59:39
12580,-3.3496,8,fell,vertical_small,17:59:47
12581,12.7772,10,landed,vertical_small,17:59:54
12582,-5.5375,6,fell,vertical_small,18:00:01
12583,12.782,10,landed,vertical_small,18:00:07
12584,-2.8123,6,fell,three_block_gap,18:00:24
12585,-3.0943,8,fell,three_block_gap,18:00:30
12586,-1.7564,8,fell,three_block_gap,18:00:35
12587,-3.2273,8,fell,three_block_gap,18:00:41
12588,-2.9171,8,fell,three_block_gap,18:00:46
12589,-4.2651,6,fell,three_block_gap,18:00:51
12590,-2.9177,8,fell,three_block_gap,18:00:56
12591,-1.9358,8,fell,three_block_gap,18:01:01
12592,12.8632,11,landed,three_block_gap,18:01:07
12593,-3.6762,8,fell,three_block_gap,18:01:14
12594,-2.9208,8,fell,three_block_gap,18:01:19
12595,-2.7273,8,fell,three_block_gap,18:01:24
12596,-2.9584,8,fell,three_block_gap,18:01:30
12597,-2.7991,8,fell,three_block_gap,18:01:35
12598,-2.9189,8,fell,three_block_gap,18:01:40
12599,-2.8028,8,fell,three_block_gap,18:01:46
12600,-3.6776,8,fell,three_block_gap,18:01:51
12601,11.9177,11,landed,one_block_gap,18:02:13
12602,-3.8765,7,fell,one_block_gap,18:02:18
12603,12.2244,9,landed,one_block_gap,18:02:26
12604,11.957,10,landed,one_block_gap,18:02:33
12605,11.916,10,landed,one_block_gap,18:02:40
12606,12.0197,11,landed,one_block_gap,18:02:48
12607,11.9597,11,landed,one_block_gap,18:02:55
12608,-4.481,7,fell,simple_jump,18:03:12
12609,-4.1599,7,fell,simple_jump,18:03:18
12610,-3.6599,8,fell,simple_jump,18:03:24
12611,-4.534,8,fell,diagonal_small,18:03:46
12612,12.0811,12,landed,diagonal_small,18:03:52
12613,12.1838,11,landed,diagonal_small,18:03:59
12614,12.1091,11,landed,diagonal_small,18:04:06
12615,12.2046,11,landed,diagonal_small,18:04:13
12616,-4.3938,8,fell,diagonal_small,18:04:20
12617,12.1222,11,landed,diagonal_small,18:04:28
12618,12.1157,11,landed,diagonal_small,18:04:35
12619,12.1178,11,landed,diagonal_small,18:04:42
12620,12.0617,11,landed,diagonal_small,18:04:49
12621,12.7825,14,landed,diagonal_medium,18:05:08
12622,12.7258,13,landed,diagonal_medium,18:05:14
12623,12.5921,13,landed,diagonal_medium,18:05:21
12624,12.7846,11,landed,vertical_small,18:05:39
12625,12.6504,10,landed,vertical_small,18:05:45
12626,-3.2228,8,fell,vertical_small,18:05:52
12627,12.6986,10,landed,vertical_small,18:06:00
12628,2.5317,30,near_miss,vertical_small,18:06:09
12629,12.5171,9,landed,vertical_small,18:06:13
12630,12.7772,10,landed,vertical_small,18:06:20
12631,-3.9622,6,fell,vertical_small,18:06:26
12632,-5.5373,6,fell,vertical_small,18:06:34
12633,-5.289,6,fell,vertical_small,18:06:39
12634,-4.3261,7,fell,three_block_gap,18:06:56
12635,-4.0179,8,fell,three_block_gap,18:07:02
12636,-3.6627,8,fell,three_block_gap,18:07:07
12637,-3.9861,8,fell,three_block_gap,18:07:13
12638,12.8633,11,landed,three_block_gap,18:07:18
12639,-1.7753,8,fell,three_block_gap,18:07:25
12640,-2.7819,5,fell,three_block_gap,18:07:30
12641,-4.1876,6,fell,three_block_gap,18:07:35
12642,-3.6191,8,fell,three_block_gap,18:07:40
12643,-3.5529,6,fell,three_block_gap,18:07:47
12644,-3.2353,8,fell,three_block_gap,18:07:53
12645,-2.7985,5,fell,three_block_gap,18:07:57
12646,-4.324,6,fell,three_block_gap,18:08:03
12647,-2.9171,8,fell,three_block_gap,18:08:08
12648,-2.818,8,fell,three_block_gap,18:08:13
12649,-2.9503,8,fell,three_block_gap,18:08:18
12650,-3.0295,8,fell,three_block_gap,18:08:24
12651,-4.8789,7,fell,one_block_gap,18:09:36
12652,12.3204,10,landed,one_block_gap,18:09:42
12653,-3.8765,7,fell,one_block_gap,18:09:49
12654,-3.8765,7,fell,one_block_gap,18:09:56
12655,-4.8689,6,fell,one_block_gap,18:10:03
12656,12.0233,10,landed,one_block_gap,18:10:08
12657,-4.4402,7,fell,one_block_gap,18:10:15
12658,-4.2194,8,fell,simple_jump,18:10:33
12659,12.3094,11,landed,simple_jump,18:10:39
12660,12.4132,11,landed,simple_jump,18:10:46
12661,-4.5326,8,fell,diagonal_small,18:11:05
12662,-4.3653,6,fell,diagonal_small,18:11:10
12663,12.2063,11,landed,diagonal_small,18:11:16
12664,12.2122,11,landed,diagonal_small,18:11:23
12665,12.1839,11,landed,diagonal_small,18:11:30
12666,12.1221,11,landed,diagonal_small,18:11:38
12667,12.0362,11,landed,diagonal_small,18:11:45
12668,12.1178,11,landed,diagonal_small,18:11:52
12669,12.0578,11,landed,diagonal_small,18:11:59
12670,12.006,12,landed,diagonal_small,18:12:06
12671,12.5972,14,landed,diagonal_medium,18:12:25
12672,12.7843,13,landed,diagonal_medium,18:12:31
12673,2.7892,30,near_miss,diagonal_medium,18:12:41
12674,12.7846,11,landed,vertical_small,18:12:59
12675,-3.9622,6,fell,vertical_small,18:13:04
12676,-5.5372,6,fell,vertical_small,18:13:12
12677,-5.0667,5,fell,vertical_small,18:13:16
12678,12.7955,10,landed,vertical_small,18:13:22
12679,12.5171,9,landed,vertical_small,18:13:29
12680,12.7788,10,landed,vertical_small,18:13:36
12681,-4.1696,6,fell,vertical_small,18:13:43
12682,-5.3095,8,fell,vertical_small,18:13:49
12683,-4.8011,3,fell,vertical_small,18:13:55
12684,-4.0023,9,fell,three_block_gap,18:14:17
12685,-3.2246,8,fell,three_block_gap,18:14:22
12686,-3.6972,8,fell,three_block_gap,18:14:28
12687,-2.9171,8,fell,three_block_gap,18:14:33
12688,-2.9171,8,fell,three_block_gap,18:14:38
12689,-3.7636,8,fell,three_block_gap,18:14:44
12690,-2.7587,8,fell,three_block_gap,18:14:49
12691,-2.9493,8,fell,three_block_gap,18:14:54
12692,-3.7794,8,fell,three_block_gap,18:14:59
12693,-1.9364,8,fell,three_block_gap,18:15:04
12694,-1.8019,8,fell,three_block_gap,18:15:10
12695,-3.3575,6,fell,three_block_gap,18:15:15
12696,13.3854,12,landed,three_block_gap,18:15:21
12697,-2.71,8,fell,three_block_gap,18:15:27
12698,-2.7266,8,fell,three_block_gap,18:15:33
12699,-2.9037,8,fell,three_block_gap,18:15:38
12700,-3.6762,8,fell,three_block_gap,18:15:43
12701,11.9227,10,landed,one_block_gap,18:16:06
12702,11.906,10,landed,one_block_gap,18:16:11
12703,11.957,10,landed,one_block_gap,18:16:19
12704,-4.536,7,fell,one_block_gap,18:16:25
12705,11.916,10,landed,one_block_gap,18:16:33
12706,12.3442,11,landed,one_block_gap,18:16:40
12707,-3.8765,7,fell,one_block_gap,18:16:47
12708,-4.3175,7,fell,simple_jump,18:17:04
12709,-3.6599,8,fell,simple_jump,18:17:10
12710,12.8674,12,landed,simple_jump,18:17:18
12711,-4.5297,7,fell,diagonal_small,18:17:36
12712,12.1872,13,landed,diagonal_small,18:17:42
12713,12.1222,11,landed,diagonal_small,18:17:49
12714,-4.4989,6,fell,diagonal_small,18:17:55
12715,12.0441,12,landed,diagonal_small,18:18:01
12716,12.1839,11,landed,diagonal_small,18:18:08
12717,12.116,11,landed,diagonal_small,18:18:16
12718,12.1136,11,landed,diagonal_small,18:18:23
12719,12.1178,11,landed,diagonal_small,18:18:30
12720,12.0602,11,landed,diagonal_small,18:18:37
12721,12.9328,15,landed,diagonal_medium,18:18:56
12722,12.7674,13,landed,diagonal_medium,18:19:01
12723,12.3262,12,landed,diagonal_medium,18:19:08
12724,-5.5568,8,fell,vertical_small,18:19:26
12725,12.8042,10,landed,vertical_small,18:19:32
12726,12.7255,10,landed,vertical_small,18:19:39
12727,12.7255,10,landed,vertical_small,18:19:46
12728,12.7171,10,landed,vertical_small,18:19:53
12729,-5.8206,6,fell,vertical_small,18:20:00
12730,12.8026,10,landed,vertical_small,18:20:06
12731,12.7755,10,landed,vertical_small,18:20:13
12732,-3.4829,7,fell,vertical_small,18:20:19
12733,12.7446,10,landed,vertical_small,18:20:27
12734,-4.3046,9,fell,three_block_gap,18:20:45
12735,-2.9382,8,fell,three_block_gap,18:20:51
12736,13.3751,12,landed,three_block_gap,18:20:57
12737,-2.9171,8,fell,three_block_gap,18:21:03
12738,-2.9502,8,fell,three_block_gap,18:21:09
12739,-2.9179,8,fell,three_block_gap,18:21:15
12740,-3.1029,8,fell,three_block_gap,18:21:20
12741,-3.8355,8,fell,three_block_gap,18:21:25
12742,-3.6762,8,fell,three_block_gap,18:21:31
12743,-2.9167,8,fell,three_block_gap,18:21:36
12744,-3.6776,8,fell,three_block_gap,18:21:41
12745,-2.9167,8,fell,three_block_gap,18:21:47
12746,-3.486,6,fell,three_block_gap,18:21:52
12747,13.1697,12,landed,three_block_gap,18:21:58
12748,-1.7785,8,fell,three_block_gap,18:22:04
12749,-2.7631,8,fell,three_block_gap,18:22:10
12750,-1.8181,8,fell,three_block_gap,18:22:15
12751,11.9033,12,landed,one_block_gap,18:22:38
12752,11.8899,11,landed,one_block_gap,18:22:44
12753,12.0148,10,landed,one_block_gap,18:22:51
12754,11.8999,10,landed,one_block_gap,18:22:58
12755,-3.8765,7,fell,one_block_gap,18:23:04
12756,11.9571,10,landed,one_block_gap,18:23:12
12757,12.1228,12,landed,one_block_gap,18:23:19
12758,-3.4117,9,fell,simple_jump,18:23:37
12759,-3.1957,9,fell,simple_jump,18:23:43
12760,12.4151,11,landed,simple_jump,18:23:49
12761,-4.5046,7,fell,diagonal_small,18:24:07
12762,12.1991,11,landed,diagonal_small,18:24:13
12763,12.1179,11,landed,diagonal_small,18:24:20
12764,12.1136,11,landed,diagonal_small,18:24:27
12765,12.118,11,landed,diagonal_small,18:24:34
12766,-4.3869,6,fell,diagonal_small,18:24:41
12767,-4.5362,6,fell,diagonal_small,18:24:46
12768,-4.5302,6,fell,diagonal_small,18:24:51
12769,12.1157,11,landed,diagonal_small,18:24:57
12770,12.1179,11,landed,diagonal_small,18:25:04
12771,-4.0821,7,fell,diagonal_medium,18:25:22
12772,-4.4588,6,fell,diagonal_medium,18:25:27
12773,12.5719,13,landed,diagonal_medium,18:25:33
12774,12.7465,11,landed,vertical_small,18:25:51
12775,-3.8329,6,fell,vertical_small,18:25:56
12776,-3.7239,7,fell,vertical_small,18:26:04
12777,12.6628,22,landed,vertical_small,18:26:12
12778,-5.8221,6,fell,vertical_small,18:26:17
12779,12.5549,10,landed,vertical_small,18:26:23
12780,12.6915,10,landed,vertical_small,18:26:30
12781,-5.2886,6,fell,vertical_small,18:26:36
12782,12.7879,10,landed,vertical_small,18:26:42
12783,12.7223,11,landed,vertical_small,18:26:49
12784,-4.012,9,fell,three_block_gap,18:27:08
12785,-3.7472,8,fell,three_block_gap,18:27:13
12786,-2.9173,8,fell,three_block_gap,18:27:20
12787,-3.0141,8,fell,three_block_gap,18:27:25
12788,12.8632,11,landed,three_block_gap,18:27:31
12789,-3.7665,8,fell,three_block_gap,18:27:38
12790,-2.7687,8,fell,three_block_gap,18:27:43
12791,-4.1795,7,fell,three_block_gap,18:27:48
12792,-2.7775,8,fell,three_block_gap,18:27:54
12793,-2.8227,8,fell,three_block_gap,18:27:59
12794,-3.7465,8,fell,three_block_gap,18:28:05
12795,-3.8002,7,fell,three_block_gap,18:28:11
12796,-2.0313,8,fell,three_block_gap,18:28:15
12797,-2.9215,8,fell,three_block_gap,18:28:20
12798,-2.7271,8,fell,three_block_gap,18:28:26
12799,-3.678,8,fell,three_block_gap,18:28:31
12800,-3.4971,8,fell,three_block_gap,18:28:36
12801,11.9227,10,landed,one_block_gap,18:28:59
12802,11.916,10,landed,one_block_gap,18:29:06
12803,11.957,10,landed,one_block_gap,18:29:13
12804,12.2244,9,landed,one_block_gap,18:29:20
12805,11.899,11,landed,one_block_gap,18:29:28
12806,11.9215,10,landed,one_block_gap,18:29:35
12807,-4.6944,5,fell,one_block_gap,18:29:41
12808,-4.7905,8,fell,simple_jump,18:29:59
12809,12.9488,12,landed,simple_jump,18:30:05
12810,-4.1745,7,fell,simple_jump,18:30:11
12811,12.1045,12,landed,diagonal_small,18:30:34
12812,11.9955,12,landed,diagonal_small,18:30:40
12813,12.0017,12,landed,diagonal_small,18:30:47
12814,12.116,11,landed,diagonal_small,18:30:54
12815,12.1161,11,landed,diagonal_small,18:31:01
12816,12.0457,11,landed,diagonal_small,18:31:08
12817,12.3108,11,landed,diagonal_small,18:31:15
12818,12.1931,11,landed,diagonal_small,18:31:22
12819,12.1222,11,landed,diagonal_small,18:31:30
12820,12.1178,11,landed,diagonal_small,18:31:37
12821,12.3847,13,landed,diagonal_medium,18:31:55
12822,13.0079,14,landed,diagonal_medium,18:32:01
12823,-3.8863,6,fell,diagonal_medium,18:32:07
12824,12.7247,11,landed,vertical_small,18:32:25
12825,12.7725,10,landed,vertical_small,18:32:31
12826,12.7893,11,landed,vertical_small,18:32:39
12827,12.727,10,landed,vertical_small,18:32:46
12828,-5.8805,8,fell,vertical_small,18:32:52
12829,12.6971,10,landed,vertical_small,18:32:58
12830,2.5314,30,near_miss,vertical_small,18:33:09
12831,-5.5474,7,fell,vertical_small,18:33:12
12832,12.7052,10,landed,vertical_small,18:33:18
12833,12.7254,10,landed,vertical_small,18:33:25
12834,-4.0019,9,fell,three_block_gap,18:33:42
12835,-3.6192,8,fell,three_block_gap,18:33:48
12836,-4.3455,6,fell,three_block_gap,18:33:55
12837,-1.932,8,fell,three_block_gap,18:34:00
12838,-3.4853,8,fell,three_block_gap,18:34:05
12839,-2.9757,8,fell,three_block_gap,18:34:10
12840,-3.8057,8,fell,three_block_gap,18:34:16
12841,-2.9413,8,fell,three_block_gap,18:34:21
12842,-4.3042,6,fell,three_block_gap,18:34:26
12843,-2.0705,8,fell,three_block_gap,18:34:31
12844,-3.1855,8,fell,three_block_gap,18:34:37
12845,-2.9755,8,fell,three_block_gap,18:34:42
12846,-4.3042,6,fell,three_block_gap,18:34:47
12847,-2.7636,8,fell,three_block_gap,18:34:52
12848,-3.0151,8,fell,three_block_gap,18:34:57
12849,-3.0805,8,fell,three_block_gap,18:35:04
12850,-3.4953,6,fell,three_block_gap,18:35:09
12851,11.9241,11,landed,one_block_gap,18:35:28
12852,12.3133,9,landed,one_block_gap,18:35:34
12853,2.2473,30,near_miss,one_block_gap,18:35:45
12854,11.9234,10,landed,one_block_gap,18:35:49
12855,12.2244,9,landed,one_block_gap,18:35:56
12856,-4.4403,7,fell,one_block_gap,18:36:03
12857,11.9159,10,landed,one_block_gap,18:36:09
12858,-4.4766,9,fell,simple_jump,18:36:26
12859,12.3578,11,landed,simple_jump,18:36:32
12860,12.4151,11,landed,simple_jump,18:36:40
12861,-4.534,8,fell,diagonal_small,18:36:57
12862,12.0457,11,landed,diagonal_small,18:37:03
12863,-4.5125,6,fell,diagonal_small,18:37:10
12864,12.1026,11,landed,diagonal_small,18:37:16
12865,12.197,11,landed,diagonal_small,18:37:23
12866,-4.3522,6,fell,diagonal_small,18:37:29
12867,12.1057,11,landed,diagonal_small,18:37:35
12868,12.1179,11,landed,diagonal_small,18:37:42
12869,12.1144,11,landed,diagonal_small,18:37:49
12870,12.1158,11,landed,diagonal_small,18:37:56
12871,12.9394,15,landed,diagonal_medium,18:38:15
12872,12.5903,13,landed,diagonal_medium,18:38:21
12873,-4.4106,10,fell,diagonal_medium,18:38:27
12874,12.7653,11,landed,vertical_small,18:38:46
12875,12.6986,10,landed,vertical_small,18:38:52
12876,12.6671,9,landed,vertical_small,18:38:58
12877,12.7255,10,landed,vertical_small,18:39:06
12878,12.6986,10,landed,vertical_small,18:39:13
12879,-5.8195,6,fell,vertical_small,18:39:19
12880,12.7788,10,landed,vertical_small,18:39:25
12881,12.6488,10,landed,vertical_small,18:39:33
12882,-3.8329,6,fell,vertical_small,18:39:39
12883,12.7882,11,landed,vertical_small,18:39:47
12884,-3.7147,9,fell,three_block_gap,18:40:05
12885,-3.5285,8,fell,three_block_gap,18:40:10
12886,-2.9185,8,fell,three_block_gap,18:40:16
12887,-4.3042,6,fell,three_block_gap,18:40:20
12888,-2.7984,8,fell,three_block_gap,18:40:26
12889,-3.7239,6,fell,three_block_gap,18:40:31
12890,13.3751,12,landed,three_block_gap,18:40:37
12891,-4.3228,6,fell,three_block_gap,18:40:43
12892,-3.78,8,fell,three_block_gap,18:40:48
12893,-1.8176,8,fell,three_block_gap,18:40:54
12894,-4.4209,6,fell,three_block_gap,18:40:59
12895,-2.9171,8,fell,three_block_gap,18:41:04
12896,-3.2278,8,fell,three_block_gap,18:41:09
12897,-3.6762,8,fell,three_block_gap,18:41:15
12898,-2.7182,8,fell,three_block_gap,18:41:20
12899,-4.2834,6,fell,three_block_gap,18:41:25
12900,-4.2795,6,fell,three_block_gap,18:41:30
12901,-4.3385,6,fell,one_block_gap,18:41:47
12902,11.9143,10,landed,one_block_gap,18:41:53
12903,-4.8689,6,fell,one_block_gap,18:42:00
12904,-5.2125,4,fell,one_block_gap,18:42:06
12905,-4.7288,5,fell,one_block_gap,18:42:10
12906,11.9012,10,landed,one_block_gap,18:42:16
12907,12.4261,12,landed,one_block_gap,18:42:24
12908,12.8414,13,landed,simple_jump,18:42:42
12909,12.4068,11,landed,simple_jump,18:42:48
12910,12.4264,11,landed,simple_jump,18:42:55
12911,-4.3609,8,fell,diagonal_small,18:43:13
12912,-3.306,10,fell,diagonal_small,18:43:19
12913,12.1178,11,landed,diagonal_small,18:43:25
12914,12.1145,11,landed,diagonal_small,18:43:33
12915,-4.4434,8,fell,diagonal_small,18:43:39
12916,-4.384,6,fell,diagonal_small,18:43:46
12917,12.3184,11,landed,diagonal_small,18:43:52
12918,12.006,12,landed,diagonal_small,18:43:59
12919,12.1222,11,landed,diagonal_small,18:44:06
12920,-4.3069,8,fell,diagonal_small,18:44:13
12921,12.6123,14,landed,diagonal_medium,18:44:35
12922,12.7336,13,landed,diagonal_medium,18:44:41
12923,12.7113,14,landed,diagonal_medium,18:44:49
12924,12.7146,12,landed,vertical_small,18:45:11
12925,-5.3003,7,fell,vertical_small,18:45:16
12926,12.7609,10,landed,vertical_small,18:45:22
12927,12.6671,9,landed,vertical_small,18:45:29
12928,12.7772,10,landed,vertical_small,18:45:36
12929,12.5378,9,landed,vertical_small,18:45:43
12930,12.7885,11,landed,vertical_small,18:45:51
12931,12.5171,9,landed,vertical_small,18:45:58
12932,-3.7228,7,fell,vertical_small,18:46:04
12933,12.7885,10,landed,vertical_small,18:46:11
12934,-4.0511,9,fell,three_block_gap,18:46:29
12935,-2.7232,8,fell,three_block_gap,18:46:34
12936,-2.948,8,fell,three_block_gap,18:46:40
12937,-1.7558,8,fell,three_block_gap,18:46:45
12938,-2.6403,7,fell,three_block_gap,18:46:50
12939,-2.924,8,fell,three_block_gap,18:46:56
12940,-2.8226,8,fell,three_block_gap,18:47:01
12941,-3.8057,8,fell,three_block_gap,18:47:06
12942,12.8632,11,landed,three_block_gap,18:47:12
12943,-3.8057,8,fell,three_block_gap,18:47:18
12944,-4.0331,8,fell,three_block_gap,18:47:23
12945,-2.9961,8,fell,three_block_gap,18:47:29
12946,-3.0684,8,fell,three_block_gap,18:47:34
12947,-2.9335,8,fell,three_block_gap,18:47:40
12948,-1.7758,8,fell,three_block_gap,18:47:45
12949,-3.9861,8,fell,three_block_gap,18:47:50
12950,-3.8463,8,fell,three_block_gap,18:47:56
12951,11.909,11,landed,one_block_gap,18:48:18
12952,11.9297,10,landed,one_block_gap,18:48:24
12953,11.957,10,landed,one_block_gap,18:48:31
12954,-3.8765,7,fell,one_block_gap,18:48:37
12955,11.916,10,landed,one_block_gap,18:48:45
12956,11.9716,10,landed,one_block_gap,18:48:52
12957,11.9636,10,landed,one_block_gap,18:48:59
12958,-4.1667,9,fell,simple_jump,18:49:17
12959,-4.8077,3,fell,simple_jump,18:49:23
12960,12.4201,11,landed,simple_jump,18:49:28
12961,-4.5441,7,fell,diagonal_small,18:49:46
12962,12.207,11,landed,diagonal_small,18:49:52
12963,12.0023,12,landed,diagonal_small,18:49:59
12964,12.2114,11,landed,diagonal_small,18:50:06
12965,12.0952,11,landed,diagonal_small,18:50:13
12966,12.1026,11,landed,diagonal_small,18:50:20
12967,12.2054,11,landed,diagonal_small,18:50:28
12968,12.1136,11,landed,diagonal_small,18:50:35
12969,12.116,11,landed,diagonal_small,18:50:42
12970,12.1226,11,landed,diagonal_small,18:50:49
12971,-4.1117,11,fell,diagonal_medium,18:51:07
12972,-3.0643,9,fell,diagonal_medium,18:51:13
12973,-4.4588,6,fell,diagonal_medium,18:51:18
12974,-5.831,7,fell,vertical_small,18:51:36
12975,12.5171,9,landed,vertical_small,18:51:42
12976,12.5378,9,landed,vertical_small,18:51:49
12977,12.5378,9,landed,vertical_small,18:51:56
12978,12.5171,9,landed,vertical_small,18:52:03
12979,12.6583,10,landed,vertical_small,18:52:10
12980,12.7446,10,landed,vertical_small,18:52:17
12981,12.6502,10,landed,vertical_small,18:52:25
12982,12.5171,9,landed,vertical_small,18:52:32
12983,12.6671,9,landed,vertical_small,18:52:39
12984,-4.0025,9,fell,three_block_gap,18:52:57
12985,-3.0109,8,fell,three_block_gap,18:53:02
12986,-2.9436,8,fell,three_block_gap,18:53:08
12987,-3.6192,8,fell,three_block_gap,18:53:13
12988,-3.0691,8,fell,three_block_gap,18:53:20
12989,13.2016,12,landed,three_block_gap,18:53:26
12990,12.7327,11,landed,three_block_gap,18:53:33
12991,-3.0504,8,fell,three_block_gap,18:53:40
12992,-2.7181,8,fell,three_block_gap,18:53:45
12993,12.7323,11,landed,three_block_gap,18:53:51
12994,-2.9184,8,fell,three_block_gap,18:53:58
12995,-3.7038,8,fell,three_block_gap,18:54:03
12996,13.1867,12,landed,three_block_gap,18:54:09
12997,-2.9166,8,fell,three_block_gap,18:54:15
12998,-3.7741,8,fell,three_block_gap,18:54:21
12999,-3.7473,8,fell,three_block_gap,18:54:26
13000,-4.3454,6,fell,three_block_gap,18:54:31
13001,11.9042,11,landed,one_block_gap,18:54:49
13002,12.0889,11,landed,one_block_gap,18:54:55
13003,11.957,10,landed,one_block_gap,18:55:02
13004,12.2244,9,landed,one_block_gap,18:55:09
13005,-3.8765,7,fell,one_block_gap,18:55:16
13006,-3.2621,8,fell,one_block_gap,18:55:23
13007,12.2244,9,landed,one_block_gap,18:55:31
13008,12.4877,12,landed,simple_jump,18:55:49
13009,12.4263,11,landed,simple_jump,18:55:54
13010,12.9529,12,landed,simple_jump,18:56:02
13011,11.9958,13,landed,diagonal_small,18:56:20
13012,12.1222,11,landed,diagonal_small,18:56:26
13013,-4.9888,4,fell,diagonal_small,18:56:33
13014,-4.5332,6,fell,diagonal_small,18:56:38
13015,-4.383,8,fell,diagonal_small,18:56:43
13016,12.1178,11,landed,diagonal_small,18:56:51
13017,12.2063,11,landed,diagonal_small,18:56:58
13018,12.1176,11,landed,diagonal_small,18:57:05
13019,12.1136,11,landed,diagonal_small,18:57:12
13020,-4.3588,8,fell,diagonal_small,18:57:19
13021,12.7709,14,landed,diagonal_medium,18:57:41
13022,-3.8027,11,fell,diagonal_medium,18:57:47
13023,12.3293,12,landed,diagonal_medium,18:57:54
13024,12.7441,12,landed,vertical_small,18:58:12
13025,-2.8512,9,fell,vertical_small,18:58:17
13026,12.7242,11,landed,vertical_small,18:58:25
13027,2.5751,30,near_miss,vertical_small,18:58:35
13028,-5.2165,7,fell,vertical_small,18:58:39
13029,12.7537,10,landed,vertical_small,18:58:44
13030,12.7052,10,landed,vertical_small,18:58:51
13031,12.8052,12,landed,vertical_small,18:58:59
13032,-5.0,1,mission_ended,vertical_small,18:59:10
13033,-4.1696,6,fell,vertical_small,18:59:13
13034,-4.0061,10,fell,three_block_gap,18:59:31
13035,-1.9315,8,fell,three_block_gap,18:59:36
13036,-3.227,8,fell,three_block_gap,18:59:42
13037,-4.3432,6,fell,three_block_gap,18:59:47
13038,-2.8681,8,fell,three_block_gap,18:59:52
13039,-3.6763,8,fell,three_block_gap,18:59:57
13040,-2.7804,5,fell,three_block_gap,19:00:02
13041,-4.2941,6,fell,three_block_gap,19:00:08
13042,-2.7637,8,fell,three_block_gap,19:00:13
13043,-2.9185,8,fell,three_block_gap,19:00:18
13044,-2.9639,8,fell,three_block_gap,19:00:24
13045,-4.3443,6,fell,three_block_gap,19:00:29
13046,-2.914,8,fell,three_block_gap,19:00:34
13047,-3.6083,8,fell,three_block_gap,19:00:39
13048,-2.767,8,fell,three_block_gap,19:00:45
13049,-2.8229,8,fell,three_block_gap,19:00:50
13050,-3.8057,8,fell,three_block_gap,19:00:55
13051,11.8737,11,landed,one_block_gap,19:01:18
13052,11.957,10,landed,one_block_gap,19:01:24
13053,12.3304,9,landed,one_block_gap,19:01:31
13054,11.8999,10,landed,one_block_gap,19:01:39
13055,12.0236,11,landed,one_block_gap,19:01:46
13056,11.906,10,landed,one_block_gap,19:01:53
13057,12.2244,9,landed,one_block_gap,19:02:00
13058,-4.1667,9,fell,simple_jump,19:02:18
13059,-4.1567,8,fell,simple_jump,19:02:23
13060,12.8833,12,landed,simple_jump,19:02:29
13061,12.0351,12,landed,diagonal_small,19:02:48
13062,-5.0395,8,fell,diagonal_small,19:02:53
13063,-4.532,6,fell,diagonal_small,19:02:59
13064,12.1204,11,landed,diagonal_small,19:03:04
13065,12.1933,11,landed,diagonal_small,19:03:11
13066,12.096,11,landed,diagonal_small,19:03:19
13067,12.1162,11,landed,diagonal_small,19:03:26
13068,-4.637,27,mission_ended,diagonal_small,19:03:40
13069,12.2047,11,landed,diagonal_small,19:03:44
13070,12.1092,11,landed,diagonal_small,19:03:51
13071,-3.716,11,fell,diagonal_medium,19:04:09
13072,12.7408,13,landed,diagonal_medium,19:04:15
13073,12.5823,13,landed,diagonal_medium,19:04:22
13074,12.7413,11,landed,vertical_small,19:04:41
13075,12.6671,9,landed,vertical_small,19:04:46
13076,12.7817,10,landed,vertical_small,19:04:54
13077,12.7171,10,landed,vertical_small,19:05:01
13078,12.8042,10,landed,vertical_small,19:05:08
13079,12.6671,9,landed,vertical_small,19:05:15
13080,12.5378,9,landed,vertical_small,19:05:22
13081,12.7771,10,landed,vertical_small,19:05:29
13082,12.7772,10,landed,vertical_small,19:05:36
13083,12.6671,9,landed,vertical_small,19:05:44
13084,-3.0902,9,fell,three_block_gap,19:06:01
13085,-4.3455,6,fell,three_block_gap,19:06:07
13086,-2.7409,8,fell,three_block_gap,19:06:12
13087,-2.9171,8,fell,three_block_gap,19:06:17
13088,12.88,11,landed,three_block_gap,19:06:23
13089,13.3644,12,landed,three_block_gap,19:06:30
13090,-1.9347,8,fell,three_block_gap,19:06:37
13091,-2.7255,8,fell,three_block_gap,19:06:42
13092,-2.9144,8,fell,three_block_gap,19:06:47
13093,-3.6762,8,fell,three_block_gap,19:06:52
13094,-3.5183,6,fell,three_block_gap,19:06:57
13095,-2.0399,8,fell,three_block_gap,19:07:03
13096,-3.7622,8,fell,three_block_gap,19:07:08
13097,-3.6981,8,fell,three_block_gap,19:07:13
13098,-2.7411,8,fell,three_block_gap,19:07:19
13099,-3.5414,7,fell,three_block_gap,19:07:24
13100,-2.9141,8,fell,three_block_gap,19:07:29
13101,11.8927,11,landed,one_block_gap,19:07:51
13102,11.916,10,landed,one_block_gap,19:07:57
13103,-4.6944,5,fell,one_block_gap,19:08:03
13104,12.3304,9,landed,one_block_gap,19:08:09
13105,11.9477,11,landed,one_block_gap,19:08:17
13106,-4.1944,6,fell,one_block_gap,19:08:23
13107,-3.7621,7,fell,one_block_gap,19:08:29
13108,12.6603,12,landed,simple_jump,19:08:47
13109,12.4264,11,landed,simple_jump,19:08:53
13110,-4.1745,7,fell,simple_jump,19:08:59
13111,11.984,13,landed,diagonal_small,19:09:18
13112,12.0884,11,landed,diagonal_small,19:09:24
13113,12.1178,11,landed,diagonal_small,19:09:31
13114,12.1025,11,landed,diagonal_small,19:09:38
13115,12.1179,11,landed,diagonal_small,19:09:45
13116,12.1222,11,landed,diagonal_small,19:09:52
13117,-4.3437,6,fell,diagonal_small,19:09:59
13118,12.1996,11,landed,diagonal_small,19:10:05
13119,-4.3595,6,fell,diagonal_small,19:10:11
13120,-4.8163,7,fell,diagonal_small,19:10:16
13121,-4.578,6,fell,diagonal_medium,19:10:34
13122,-4.5114,6,fell,diagonal_medium,19:10:39
13123,-2.0115,14,fell,diagonal_medium,19:10:45
13124,12.6846,11,landed,vertical_small,19:11:07
13125,12.5171,9,landed,vertical_small,19:11:13
13126,12.7246,11,landed,vertical_small,19:11:21
13127,-2.8512,9,fell,vertical_small,19:11:27
13128,12.5378,9,landed,vertical_small,19:11:35
13129,-3.8329,6,fell,vertical_small,19:11:41
13130,12.6671,9,landed,vertical_small,19:11:49
13131,12.6671,9,landed,vertical_small,19:11:56
13132,12.8053,12,landed,vertical_small,19:12:03
13133,12.7771,10,landed,vertical_small,19:12:10
13134,-3.1863,9,fell,three_block_gap,19:12:28
13135,-3.7456,8,fell,three_block_gap,19:12:34
13136,-2.9167,8,fell,three_block_gap,19:12:39
13137,-3.4408,6,fell,three_block_gap,19:12:44
13138,-1.7819,8,fell,three_block_gap,19:12:49
13139,-3.0933,8,fell,three_block_gap,19:12:55
13140,-2.7616,8,fell,three_block_gap,19:13:00
13141,-3.4986,8,fell,three_block_gap,19:13:05
13142,-2.9166,8,fell,three_block_gap,19:13:11
13143,13.3855,12,landed,three_block_gap,19:13:17
13144,12.8632,11,landed,three_block_gap,19:13:24
13145,-4.2158,6,fell,three_block_gap,19:13:30
13146,-3.6764,8,fell,three_block_gap,19:13:35
13147,-4.2845,6,fell,three_block_gap,19:13:40
13148,-3.9007,9,fell,three_block_gap,19:13:46
13149,-3.0353,8,fell,three_block_gap,19:13:51
13150,-2.8027,8,fell,three_block_gap,19:13:57
13151,11.9227,10,landed,one_block_gap,19:14:19
13152,-4.6159,6,fell,one_block_gap,19:14:24
13153,-3.8765,7,fell,one_block_gap,19:14:29
13154,-4.7288,5,fell,one_block_gap,19:14:36
13155,11.9143,10,landed,one_block_gap,19:14:42
13156,12.2244,9,landed,one_block_gap,19:14:49
13157,-3.8765,7,fell,one_block_gap,19:14:56
13158,12.7225,13,landed,simple_jump,19:15:15
13159,-3.6439,9,fell,simple_jump,19:15:20
13160,-4.2613,8,fell,simple_jump,19:15:26
13161,12.0273,12,landed,diagonal_small,19:15:48
13162,12.2046,11,landed,diagonal_small,19:15:54
13163,12.1144,11,landed,diagonal_small,19:16:01
13164,-3.9812,8,fell,diagonal_small,19:16:08
13165,12.0617,11,landed,diagonal_small,19:16:14
13166,12.0617,11,landed,diagonal_small,19:16:21
13167,12.1136,11,landed,diagonal_small,19:16:28
13168,12.1178,11,landed,diagonal_small,19:16:36
13169,-4.3523,6,fell,diagonal_small,19:16:42
13170,-4.5365,9,fell,diagonal_small,19:16:47
13171,-4.4829,7,fell,diagonal_medium,19:17:09
13172,12.7801,13,landed,diagonal_medium,19:17:15
13173,12.7646,13,landed,diagonal_medium,19:17:22
13174,12.6907,11,landed,vertical_small,19:17:41
13175,12.7788,10,landed,vertical_small,19:17:47
13176,12.7788,10,landed,vertical_small,19:17:54
13177,12.6671,9,landed,vertical_small,19:18:02
13178,12.6671,9,landed,vertical_small,19:18:08
13179,12.7771,10,landed,vertical_small,19:18:15
13180,12.7942,11,landed,vertical_small,19:18:23
13181,-5.8219,6,fell,vertical_small,19:18:29
13182,12.6431,9,landed,vertical_small,19:18:35
13183,-5.526,7,fell,vertical_small,19:18:41
13184,-4.2079,7,fell,three_block_gap,19:18:59
13185,12.8632,11,landed,three_block_gap,19:19:05
13186,-3.6762,8,fell,three_block_gap,19:19:12
13187,-3.7466,8,fell,three_block_gap,19:19:17
13188,-4.0331,8,fell,three_block_gap,19:19:22
13189,-2.9359,8,fell,three_block_gap,19:19:27
13190,-2.7587,8,fell,three_block_gap,19:19:33
13191,-2.9171,8,fell,three_block_gap,19:19:38
13192,13.2016,12,landed,three_block_gap,19:19:44
13193,12.7338,11,landed,three_block_gap,19:19:51
13194,-4.064,8,fell,three_block_gap,19:19:58
13195,-3.7197,8,fell,three_block_gap,19:20:03
13196,-2.8025,8,fell,three_block_gap,19:20:08
13197,-3.7655,8,fell,three_block_gap,19:20:14
13198,13.2016,12,landed,three_block_gap,19:20:20
13199,-2.9128,8,fell,three_block_gap,19:20:26
13200,-2.9166,8,fell,three_block_gap,19:20:31
13201,-4.1944,6,fell,one_block_gap,19:20:53
13202,11.906,10,landed,one_block_gap,19:21:00
13203,11.9636,10,landed,one_block_gap,19:21:07
13204,12.2244,9,landed,one_block_gap,19:21:14
13205,-3.7621,7,fell,one_block_gap,19:21:21
13206,11.9061,10,landed,one_block_gap,19:21:28
13207,11.9636,10,landed,one_block_gap,19:21:36
13208,-4.4742,7,fell,simple_jump,19:21:53
13209,-4.1898,8,fell,simple_jump,19:21:59
13210,12.4185,11,landed,simple_jump,19:22:05
13211,-4.5333,8,fell,diagonal_small,19:22:23
13212,12.1089,11,landed,diagonal_small,19:22:29
13213,12.0886,11,landed,diagonal_small,19:22:37
13214,12.1222,11,landed,diagonal_small,19:22:44
13215,-4.3691,6,fell,diagonal_small,19:22:50
13216,12.1135,11,landed,diagonal_small,19:22:56
13217,12.0074,12,landed,diagonal_small,19:23:03
13218,12.0616,11,landed,diagonal_small,19:23:11
13219,12.1136,11,landed,diagonal_small,19:23:18
13220,-3.3367,9,fell,diagonal_small,19:23:25
13221,12.9755,15,landed,diagonal_medium,19:23:43
13222,12.6084,13,landed,diagonal_medium,19:23:49
13223,12.3973,12,landed,diagonal_medium,19:23:56
13224,-5.8317,7,fell,vertical_small,19:24:14
13225,12.7904,13,landed,vertical_small,19:24:20
13226,12.8042,10,landed,vertical_small,19:24:27
13227,2.5317,30,near_miss,vertical_small,19:24:37
13228,-5.5372,6,fell,vertical_small,19:24:41
13229,12.804,12,landed,vertical_small,19:24:47
13230,-4.7105,4,fell,vertical_small,19:24:53
13231,12.6455,10,landed,vertical_small,19:24:59
13232,12.6497,10,landed,vertical_small,19:25:06
13233,2.5263,30,near_miss,vertical_small,19:25:16
13234,-3.6938,7,fell,three_block_gap,19:25:34
13235,-2.9648,8,fell,three_block_gap,19:25:40
13236,12.8604,11,landed,three_block_gap,19:25:46
13237,-2.7669,8,fell,three_block_gap,19:25:52
13238,-2.1175,8,fell,three_block_gap,19:25:58
13239,-3.7001,8,fell,three_block_gap,19:26:03
13240,-3.8169,8,fell,three_block_gap,19:26:08
13241,-3.4676,8,fell,three_block_gap,19:26:14
13242,-2.914,8,fell,three_block_gap,19:26:19
13243,-2.966,8,fell,three_block_gap,19:26:24
13244,-3.1654,8,fell,three_block_gap,19:26:30
13245,-2.9166,8,fell,three_block_gap,19:26:35
13246,-2.8356,8,fell,three_block_gap,19:26:40
13247,-1.9581,8,fell,three_block_gap,19:26:46
13248,-2.9171,8,fell,three_block_gap,19:26:51
13249,13.3855,12,landed,three_block_gap,19:26:57
13250,-1.9367,8,fell,three_block_gap,19:27:03
13251,11.9227,10,landed,one_block_gap,19:28:16
13252,11.916,10,landed,one_block_gap,19:28:22
13253,-3.8765,7,fell,one_block_gap,19:28:28
13254,-4.6269,6,fell,one_block_gap,19:28:35
13255,-4.6159,6,fell,one_block_gap,19:28:41
13256,-4.4298,6,fell,one_block_gap,19:28:46
13257,-4.6098,7,fell,one_block_gap,19:28:51
13258,12.6601,12,landed,simple_jump,19:29:09
13259,12.4264,11,landed,simple_jump,19:29:15
13260,12.3168,11,landed,simple_jump,19:29:22
13261,12.0351,12,landed,diagonal_small,19:29:41
13262,-4.4178,6,fell,diagonal_small,19:29:46
13263,12.0993,11,landed,diagonal_small,19:29:52
13264,12.1178,11,landed,diagonal_small,19:29:59
13265,12.2018,11,landed,diagonal_small,19:30:06
13266,12.0289,10,landed,diagonal_small,19:30:13
13267,12.2063,11,landed,diagonal_small,19:30:20
13268,12.2054,11,landed,diagonal_small,19:30:27
13269,12.1222,11,landed,diagonal_small,19:30:34
13270,12.1924,11,landed,diagonal_small,19:30:42
13271,12.7652,14,landed,diagonal_medium,19:31:00
13272,12.7196,13,landed,diagonal_medium,19:31:06
13273,12.793,13,landed,diagonal_medium,19:31:13
13274,12.748,11,landed,vertical_small,19:31:32
13275,12.7788,10,landed,vertical_small,19:31:38
13276,12.7225,10,landed,vertical_small,19:31:45
13277,12.7187,10,landed,vertical_small,19:31:52
13278,12.8006,12,landed,vertical_small,19:32:00
13279,12.6671,9,landed,vertical_small,19:32:06
13280,12.5864,10,landed,vertical_small,19:32:14
13281,12.5171,9,landed,vertical_small,19:32:20
13282,-5.0667,5,fell,vertical_small,19:32:27
13283,-4.8117,3,fell,vertical_small,19:32:33
13284,-4.3346,7,fell,three_block_gap,19:32:50
13285,-2.8024,8,fell,three_block_gap,19:32:56
13286,-2.9156,8,fell,three_block_gap,19:33:01
13287,-4.2938,6,fell,three_block_gap,19:33:06
13288,-2.7669,8,fell,three_block_gap,19:33:11
13289,-2.7231,8,fell,three_block_gap,19:33:17
13290,-2.6415,7,fell,three_block_gap,19:33:22
13291,13.3783,12,landed,three_block_gap,19:33:28
13292,-3.6762,8,fell,three_block_gap,19:33:34
